Date,Close,High,Low,Open,Volume
,SNPS,SNPS,SNPS,SNPS,SNPS
2020-01-02,142.8699951171875,142.92999267578125,139.83999633789062,140.30999755859375,1095100
2020-01-03,141.75999450683594,142.08999633789062,140.0500030517578,141.10000610351562,834800
2020-01-06,141.97999572753906,142.16000366210938,139.6999969482422,140.52000427246094,924800
2020-01-07,142.9600067138672,143.47999572753906,140.32000732421875,141.17999267578125,701100
2020-01-08,145.86000061035156,146.60000610351562,142.55999755859375,143.1999969482422,1241800
2020-01-09,148.6699981689453,149.3000030517578,146.52000427246094,147.0399932861328,1211800
2020-01-10,148.4600067138672,150.52999877929688,147.22000122070312,149.77000427246094,739500
2020-01-13,149.92999267578125,150.42999267578125,148.64999389648438,148.9600067138672,717100
2020-01-14,148.19000244140625,149.58999633789062,147.25999450683594,149.58999633789062,802300
2020-01-15,147.91000366210938,150.02999877929688,147.4600067138672,148.77999877929688,842400
2020-01-16,149.69000244140625,149.75,148.22999572753906,148.49000549316406,819300
2020-01-17,151.86000061035156,151.99000549316406,149.11000061035156,150.30999755859375,1431800
2020-01-21,153.5800018310547,154.07000732421875,151.0,151.10000610351562,1015800
2020-01-22,153.42999267578125,155.6999969482422,153.30999755859375,154.16000366210938,648900
2020-01-23,154.9600067138672,155.36000061035156,152.11000061035156,153.0,856500
2020-01-24,154.0500030517578,156.97000122070312,153.3000030517578,156.2899932861328,826500
2020-01-27,150.3800048828125,151.4499969482422,149.27000427246094,150.74000549316406,886600
2020-01-28,152.0500030517578,152.7100067138672,150.85000610351562,151.6699981689453,829800
2020-01-29,150.44000244140625,153.3699951171875,150.33999633789062,153.0,765000
2020-01-30,150.82000732421875,150.8699951171875,148.63999938964844,149.66000366210938,1337700
2020-01-31,147.50999450683594,150.5,147.13999938964844,150.22000122070312,984500
2020-02-03,150.25999450683594,150.85000610351562,148.5,148.77000427246094,969300
2020-02-04,155.80999755859375,155.9199981689453,152.02000427246094,152.5800018310547,1160600
2020-02-05,154.2100067138672,158.0,153.57000732421875,157.44000244140625,982700
2020-02-06,154.77000427246094,156.1300048828125,154.1999969482422,154.8000030517578,507900
2020-02-07,154.27999877929688,155.17999267578125,153.35000610351562,154.5,589000
2020-02-10,156.9199981689453,157.11000061035156,153.55999755859375,153.63999938964844,676500
2020-02-11,158.22000122070312,159.52999877929688,157.14999389648438,157.8800048828125,837300
2020-02-12,159.52000427246094,160.02000427246094,156.9499969482422,158.1999969482422,682600
2020-02-13,161.3699951171875,161.92999267578125,158.27999877929688,158.77999877929688,788800
2020-02-14,163.35000610351562,164.10000610351562,162.00999450683594,162.00999450683594,784900
2020-02-18,162.9199981689453,164.49000549316406,162.3800048828125,164.00999450683594,910200
2020-02-19,164.99000549316406,166.8699951171875,164.52000427246094,165.24000549316406,1760900
2020-02-20,155.0800018310547,160.5,151.0500030517578,159.05999755859375,4667200
2020-02-21,149.3300018310547,154.24000549316406,148.16000366210938,153.52000427246094,2777000
2020-02-24,145.94000244140625,146.92999267578125,141.3000030517578,144.97000122070312,2503500
2020-02-25,142.16000366210938,148.02999877929688,141.55999755859375,147.35000610351562,2162800
2020-02-26,142.0399932861328,145.8300018310547,141.10000610351562,142.9600067138672,2039900
2020-02-27,136.8300018310547,141.75999450683594,136.1199951171875,139.83999633789062,1840800
2020-02-28,137.92999267578125,138.07000732421875,131.50999450683594,131.50999450683594,3129100
2020-03-02,141.6300048828125,141.72999572753906,135.41000366210938,137.9600067138672,1692700
2020-03-03,140.1199951171875,144.3300018310547,138.19000244140625,141.22000122070312,2075100
2020-03-04,146.82000732421875,146.9600067138672,141.6199951171875,142.5800018310547,1529100
2020-03-05,142.63999938964844,145.32000732421875,141.30999755859375,142.91000366210938,1486600
2020-03-06,137.72000122070312,139.75999450683594,133.7100067138672,136.8800048828125,1491300
2020-03-09,127.69999694824219,132.6699981689453,126.0,128.11000061035156,1870800
2020-03-10,135.19000244140625,135.2899932861328,128.07000732421875,131.38999938964844,1614300
2020-03-11,131.74000549316406,135.3300018310547,128.82000732421875,131.5500030517578,2063100
2020-03-12,119.1500015258789,129.0399932861328,119.05999755859375,123.12000274658203,2429200
2020-03-13,129.8800048828125,129.97000122070312,116.47000122070312,124.91000366210938,2032200
2020-03-16,112.75,125.37999725341797,109.12999725341797,112.58999633789062,2003100
2020-03-17,119.62000274658203,120.6500015258789,111.0999984741211,115.0199966430664,1780400
2020-03-18,114.2300033569336,115.68000030517578,108.5199966430664,112.88999938964844,1858000
2020-03-19,114.95999908447266,117.30000305175781,108.79000091552734,113.8499984741211,1424800
2020-03-20,110.0,119.55999755859375,109.20999908447266,116.5999984741211,1825500
2020-03-23,108.4800033569336,112.4800033569336,104.9000015258789,110.3499984741211,1508900
2020-03-24,120.62999725341797,121.47000122070312,114.01000213623047,114.27999877929688,1709600
2020-03-25,121.31999969482422,125.62999725341797,117.91000366210938,119.98999786376953,1528100
2020-03-26,127.97000122070312,128.33999633789062,121.55999755859375,122.23999786376953,1373500
2020-03-27,124.37999725341797,128.35000610351562,120.16999816894531,123.93000030517578,1300800
2020-03-30,129.30999755859375,130.4600067138672,124.43000030517578,125.69999694824219,1502100
2020-03-31,128.7899932861328,131.0,126.7300033569336,128.22999572753906,2463800
2020-04-01,125.95999908447266,127.80999755859375,122.51000213623047,122.87999725341797,1542100
2020-04-02,128.64999389648438,128.7899932861328,124.0,124.68000030517578,1843300
2020-04-03,124.55000305175781,128.63999938964844,123.94000244140625,127.80999755859375,702300
2020-04-06,135.91000366210938,136.55999755859375,129.11000061035156,130.36000061035156,1314200
2020-04-07,135.50999450683594,140.77000427246094,135.33999633789062,138.1999969482422,1203400
2020-04-08,138.85000610351562,139.6300048828125,135.27999877929688,138.64999389648438,657800
2020-04-09,136.5800018310547,141.02999877929688,136.10000610351562,139.67999267578125,1104400
2020-04-13,140.1300048828125,140.52000427246094,133.27000427246094,133.85000610351562,920700
2020-04-14,147.42999267578125,147.8300018310547,142.02999877929688,142.1999969482422,1081800
2020-04-15,146.1699981689453,147.88999938964844,144.27999877929688,145.1699981689453,932000
2020-04-16,151.8300018310547,152.0500030517578,147.02999877929688,147.08999633789062,1275400
2020-04-17,154.97999572753906,156.08999633789062,153.07000732421875,155.52999877929688,1431400
2020-04-20,151.00999450683594,154.6699981689453,150.99000549316406,151.91000366210938,1002600
2020-04-21,144.83999633789062,149.9199981689453,142.86000061035156,149.42999267578125,1127100
2020-04-22,150.72000122070312,151.32000732421875,147.00999450683594,148.52000427246094,912100
2020-04-23,151.99000549316406,152.77999877929688,149.36000061035156,149.74000549316406,920500
2020-04-24,153.02999877929688,153.44000244140625,150.14999389648438,152.99000549316406,910700
2020-04-27,154.13999938964844,155.60000610351562,153.52999877929688,155.60000610351562,559100
2020-04-28,151.8300018310547,155.89999389648438,151.4499969482422,155.0,1052200
2020-04-29,158.00999450683594,158.13999938964844,152.4199981689453,153.44000244140625,1307700
2020-04-30,157.1199951171875,158.9600067138672,156.63999938964844,157.5800018310547,1581000
2020-05-01,149.63999938964844,155.49000549316406,148.1999969482422,153.67999267578125,1188300
2020-05-04,151.0800018310547,151.85000610351562,147.97999572753906,148.89999389648438,913600
2020-05-05,154.24000549316406,155.16000366210938,151.61000061035156,151.8800048828125,693300
2020-05-06,156.8300018310547,157.97000122070312,154.58999633789062,155.00999450683594,660300
2020-05-07,158.94000244140625,160.07000732421875,157.27999877929688,158.0,827100
2020-05-08,160.1699981689453,161.99000549316406,158.69000244140625,160.4199981689453,723900
2020-05-11,161.5800018310547,163.3000030517578,158.33999633789062,158.6300048828125,848800
2020-05-12,158.57000732421875,162.85000610351562,158.50999450683594,162.67999267578125,674700
2020-05-13,156.1999969482422,160.88999938964844,153.97999572753906,158.00999450683594,779300
2020-05-14,157.8300018310547,158.0,153.6699981689453,155.1699981689453,838600
2020-05-15,158.72999572753906,159.5800018310547,151.52000427246094,151.58999633789062,1563000
2020-05-18,159.8699951171875,161.89999389648438,158.60000610351562,159.9499969482422,830600
2020-05-19,162.02000427246094,164.33999633789062,160.52999877929688,160.6699981689453,1075400
2020-05-20,165.47000122070312,167.1999969482422,164.1999969482422,164.25999450683594,1221400
2020-05-21,168.49000549316406,169.44000244140625,164.86000061035156,167.0,1586800
2020-05-22,171.11000061035156,171.47000122070312,167.05999755859375,169.67999267578125,1009000
2020-05-26,168.52999877929688,172.6999969482422,168.3300018310547,172.0800018310547,1075400
2020-05-27,170.4199981689453,170.5500030517578,163.0,169.30999755859375,1190100
2020-05-28,174.0500030517578,178.3300018310547,169.44000244140625,170.55999755859375,1248500
2020-05-29,180.91000366210938,181.97000122070312,175.22999572753906,175.9499969482422,1567600
2020-06-01,182.60000610351562,184.0800018310547,180.10000610351562,180.91000366210938,1024200
2020-06-02,183.02000427246094,183.72999572753906,179.8300018310547,183.05999755859375,981900
2020-06-03,184.2100067138672,184.5399932861328,181.8800048828125,184.0,838400
2020-06-04,182.4499969482422,184.49000549316406,180.1999969482422,183.30999755859375,689400
2020-06-05,182.97000122070312,184.41000366210938,179.00999450683594,182.08999633789062,1500800
2020-06-08,186.82000732421875,187.58999633789062,179.80999755859375,180.7100067138672,1060900
2020-06-09,189.6199951171875,192.3800048828125,186.17999267578125,186.91000366210938,935500
2020-06-10,189.4199981689453,192.0,187.30999755859375,191.0500030517578,1113400
2020-06-11,179.52000427246094,189.10000610351562,179.27999877929688,189.10000610351562,1143600
2020-06-12,179.60000610351562,185.64999389648438,176.52000427246094,183.35000610351562,1156600
2020-06-15,184.0500030517578,184.3800048828125,176.14999389648438,177.24000549316406,740600
2020-06-16,186.14999389648438,189.38999938964844,184.22000122070312,186.77000427246094,995000
2020-06-17,188.97000122070312,190.5,187.1199951171875,188.0,799100
2020-06-18,189.8800048828125,190.9499969482422,188.1300048828125,188.72999572753906,646900
2020-06-19,184.4499969482422,193.36000061035156,184.39999389648438,192.3800048828125,1785100
2020-06-22,193.27000427246094,193.27000427246094,184.52000427246094,185.69000244140625,1008000
2020-06-23,192.8699951171875,197.66000366210938,192.27000427246094,193.35000610351562,1104000
2020-06-24,189.1999969482422,193.8699951171875,187.35000610351562,192.3000030517578,1051900
2020-06-25,189.69000244140625,191.42999267578125,185.60000610351562,191.42999267578125,711700
2020-06-26,190.4199981689453,192.0800018310547,187.3300018310547,190.30999755859375,1495400
2020-06-29,189.72000122070312,192.85000610351562,186.32000732421875,190.6300048828125,755900
2020-06-30,195.0,195.97999572753906,188.36000061035156,188.8300018310547,1161100
2020-07-01,196.89999389648438,198.08999633789062,193.1999969482422,194.74000549316406,885000
2020-07-02,197.5800018310547,199.5800018310547,196.6699981689453,198.5500030517578,651000
2020-07-06,199.38999938964844,202.97999572753906,198.77999877929688,199.6300048828125,564800
2020-07-07,197.6300048828125,201.9600067138672,197.49000549316406,199.38999938964844,736100
2020-07-08,201.47999572753906,201.77000427246094,198.94000244140625,199.1300048828125,529700
2020-07-09,204.5500030517578,204.89999389648438,200.7899932861328,203.0,791300
2020-07-10,198.00999450683594,204.4600067138672,196.8000030517578,203.25999450683594,1112500
2020-07-13,194.14999389648438,201.7899932861328,193.6199951171875,200.0,829700
2020-07-14,195.27999877929688,195.63999938964844,188.82000732421875,192.13999938964844,978500
2020-07-15,194.35000610351562,196.6999969482422,192.33999633789062,195.50999450683594,954500
2020-07-16,193.22000122070312,193.94000244140625,189.6300048828125,192.9600067138672,745600
2020-07-17,196.27999877929688,197.11000061035156,192.63999938964844,194.6300048828125,691300
2020-07-20,201.89999389648438,202.75999450683594,196.02000427246094,196.02000427246094,777700
2020-07-21,199.69000244140625,203.82000732421875,198.89999389648438,203.5,617600
2020-07-22,200.66000366210938,202.4499969482422,198.38999938964844,201.22000122070312,530400
2020-07-23,197.8000030517578,204.22000122070312,196.9199981689453,201.3800048828125,499200
2020-07-24,193.3699951171875,196.27999877929688,190.9199981689453,195.82000732421875,1206500
2020-07-27,197.08999633789062,198.08999633789062,194.1199951171875,194.61000061035156,549200
2020-07-28,194.89999389648438,197.8699951171875,194.3699951171875,196.64999389648438,423900
2020-07-29,198.4199981689453,199.85000610351562,196.0,196.0,609100
2020-07-30,199.33999633789062,200.11000061035156,193.89999389648438,195.42999267578125,374800
2020-07-31,199.22000122070312,200.60000610351562,194.92999267578125,200.60000610351562,985500
2020-08-03,202.8000030517578,204.11000061035156,200.02000427246094,200.74000549316406,513100
2020-08-04,201.85000610351562,202.8000030517578,199.4499969482422,202.0,560500
2020-08-05,201.55999755859375,203.7100067138672,200.75999450683594,202.44000244140625,465200
2020-08-06,202.25999450683594,202.5800018310547,198.89999389648438,201.2100067138672,465900
2020-08-07,198.7899932861328,202.22000122070312,196.13999938964844,201.35000610351562,518300
2020-08-10,195.63999938964844,198.19000244140625,194.39999389648438,197.91000366210938,745800
2020-08-11,191.0399932861328,195.8699951171875,190.5,195.8699951171875,1179700
2020-08-12,194.33999633789062,195.07000732421875,191.0399932861328,191.1999969482422,802200
2020-08-13,196.35000610351562,198.5,194.13999938964844,195.14999389648438,601300
2020-08-14,196.16000366210938,198.27999877929688,195.4600067138672,195.77000427246094,459100
2020-08-17,200.2100067138672,200.47000122070312,197.25,197.94000244140625,618700
2020-08-18,200.08999633789062,201.61000061035156,199.30999755859375,201.4199981689453,860400
2020-08-19,198.22000122070312,201.8000030517578,197.47000122070312,200.66000366210938,833300
2020-08-20,215.16000366210938,216.19000244140625,202.10000610351562,206.5,2521000
2020-08-21,213.10000610351562,214.4499969482422,207.2899932861328,213.61000061035156,2014100
2020-08-24,213.77000427246094,216.63999938964844,210.55999755859375,214.89999389648438,730400
2020-08-25,216.1699981689453,216.2100067138672,211.77000427246094,212.7100067138672,621000
2020-08-26,219.77000427246094,221.32000732421875,216.6699981689453,216.88999938964844,704700
2020-08-27,217.1699981689453,221.0,215.30999755859375,220.47000122070312,711200
2020-08-28,219.49000549316406,219.88999938964844,216.7899932861328,217.16000366210938,626700
2020-08-31,221.3000030517578,222.02999877929688,218.36000061035156,219.1699981689453,997900
2020-09-01,225.33999633789062,226.2100067138672,220.24000549316406,221.17999267578125,679300
2020-09-02,229.36000061035156,230.1199951171875,223.22999572753906,226.66000366210938,711200
2020-09-03,214.7899932861328,226.75999450683594,212.75999450683594,226.75,1150300
2020-09-04,208.97999572753906,215.22000122070312,202.85000610351562,213.5,1102100
2020-09-08,198.99000549316406,206.1300048828125,198.47000122070312,202.9499969482422,1456700
2020-09-09,205.3300018310547,206.80999755859375,199.16000366210938,203.22999572753906,784400
2020-09-10,203.27999877929688,209.11000061035156,202.1300048828125,205.83999633789062,715100
2020-09-11,200.24000549316406,207.05999755859375,198.52000427246094,205.5500030517578,752700
2020-09-14,205.5399932861328,206.67999267578125,201.8000030517578,202.24000549316406,622100
2020-09-15,210.9499969482422,211.8300018310547,205.97999572753906,208.1300048828125,621900
2020-09-16,206.86000061035156,213.1999969482422,206.72000122070312,212.47000122070312,737200
2020-09-17,201.86000061035156,203.80999755859375,198.19000244140625,201.0399932861328,910500
2020-09-18,197.92999267578125,203.22000122070312,194.1999969482422,202.0399932861328,1357300
2020-09-21,201.97999572753906,202.17999267578125,193.5500030517578,195.89999389648438,604900
2020-09-22,204.8000030517578,205.07000732421875,198.91000366210938,203.41000366210938,752800
2020-09-23,197.86000061035156,203.8300018310547,196.82000732421875,203.61000061035156,553200
2020-09-24,201.50999450683594,202.8300018310547,196.4600067138672,196.4600067138672,850100
2020-09-25,208.5,209.27000427246094,200.05999755859375,201.27000427246094,808700
2020-09-28,212.63999938964844,212.83999633789062,209.25999450683594,210.50999450683594,699600
2020-09-29,212.32000732421875,215.39999389648438,211.8000030517578,213.1199951171875,628400
2020-09-30,213.97999572753906,216.86000061035156,210.8000030517578,211.2100067138672,696400
2020-10-01,217.08999633789062,219.69000244140625,216.00999450683594,216.3699951171875,718700
2020-10-02,212.0500030517578,216.00999450683594,210.3300018310547,212.86000061035156,751100
2020-10-05,216.63999938964844,216.66000366210938,213.0,213.1199951171875,544100
2020-10-06,214.33999633789062,218.66000366210938,213.0800018310547,215.60000610351562,689500
2020-10-07,219.52999877929688,220.38999938964844,214.77999877929688,215.7100067138672,498500
2020-10-08,219.02999877929688,221.60000610351562,218.4499969482422,221.42999267578125,373800
2020-10-09,222.82000732421875,224.5,220.86000061035156,220.99000549316406,561600
2020-10-12,228.92999267578125,231.60000610351562,223.5800018310547,225.64999389648438,854300
2020-10-13,228.17999267578125,232.74000549316406,227.88999938964844,232.74000549316406,579100
2020-10-14,226.80999755859375,229.7100067138672,224.25999450683594,229.14999389648438,604900
2020-10-15,228.02999877929688,228.1699981689453,222.24000549316406,224.24000549316406,591200
2020-10-16,226.47999572753906,231.0800018310547,226.33999633789062,228.61000061035156,529600
2020-10-19,224.3699951171875,230.1199951171875,223.6699981689453,226.2899932861328,442700
2020-10-20,226.39999389648438,228.61000061035156,223.55999755859375,225.9499969482422,550500
2020-10-21,227.4499969482422,229.94000244140625,225.42999267578125,225.8300018310547,658300
2020-10-22,225.1699981689453,228.41000366210938,222.22000122070312,228.41000366210938,632800
2020-10-23,226.74000549316406,226.8699951171875,222.82000732421875,226.14999389648438,646000
2020-10-26,220.6300048828125,226.25,217.85000610351562,223.89999389648438,600300
2020-10-27,222.91000366210938,225.0,221.4199981689453,222.63999938964844,536200
2020-10-28,217.82000732421875,224.9199981689453,216.10000610351562,220.07000732421875,671500
2020-10-29,219.4600067138672,221.94000244140625,217.77000427246094,218.05999755859375,500400
2020-10-30,213.86000061035156,219.41000366210938,212.2100067138672,217.10000610351562,777400
2020-11-02,215.77999877929688,218.47999572753906,212.3300018310547,215.52000427246094,765000
2020-11-03,221.74000549316406,223.47000122070312,217.3800048828125,218.92999267578125,502100
2020-11-04,233.30999755859375,234.97000122070312,227.75,229.72000122070312,1006700
2020-11-05,240.55999755859375,241.82000732421875,237.1699981689453,239.52999877929688,634400
2020-11-06,241.77999877929688,243.66000366210938,237.75,240.8800048828125,586600
2020-11-09,233.7899932861328,246.69000244140625,233.7899932861328,243.50999450683594,983800
2020-11-10,219.3300018310547,229.6699981689453,218.5800018310547,229.6699981689453,1315600
2020-11-11,224.89999389648438,227.77999877929688,222.07000732421875,222.44000244140625,842800
2020-11-12,223.75999450683594,229.00999450683594,222.80999755859375,227.66000366210938,472800
2020-11-13,226.22999572753906,227.5,223.8800048828125,226.02000427246094,430000
2020-11-16,222.33999633789062,226.1699981689453,220.66000366210938,224.5800018310547,639400
2020-11-17,221.1999969482422,222.9600067138672,219.0399932861328,221.82000732421875,1071500
2020-11-18,218.19000244140625,221.0,216.16000366210938,220.27000427246094,1041800
2020-11-19,221.27999877929688,223.16000366210938,216.3000030517578,218.1199951171875,819700
2020-11-20,218.50999450683594,224.25,218.07000732421875,221.60000610351562,722800
2020-11-23,216.0,220.49000549316406,213.25,218.8800048828125,708400
2020-11-24,215.49000549316406,217.16000366210938,211.1999969482422,215.5500030517578,914600
2020-11-25,217.02000427246094,220.75999450683594,216.39999389648438,216.97999572753906,701500
2020-11-27,225.4199981689453,225.7899932861328,219.3300018310547,219.8300018310547,384800
2020-11-30,227.5,228.1999969482422,222.7899932861328,225.72000122070312,1071200
2020-12-01,230.02000427246094,231.1199951171875,224.07000732421875,226.36000061035156,791400
2020-12-02,224.72000122070312,228.50999450683594,223.9199981689453,228.35000610351562,818900
2020-12-03,234.47000122070312,237.9199981689453,222.0,225.33999633789062,2008500
2020-12-04,236.8800048828125,240.1199951171875,234.57000732421875,235.27999877929688,1057400
2020-12-07,239.1699981689453,241.0,236.8300018310547,238.3800048828125,623000
2020-12-08,238.75999450683594,241.3000030517578,236.63999938964844,241.3000030517578,747100
2020-12-09,232.77000427246094,238.64999389648438,231.25999450683594,238.64999389648438,801700
2020-12-10,234.1699981689453,235.0800018310547,229.2100067138672,231.6199951171875,702800
2020-12-11,236.38999938964844,236.5800018310547,232.3000030517578,234.00999450683594,718600
2020-12-14,238.86000061035156,242.72999572753906,235.8800048828125,236.91000366210938,715500
2020-12-15,242.74000549316406,243.13999938964844,239.49000549316406,241.11000061035156,581600
2020-12-16,248.10000610351562,249.10000610351562,243.50999450683594,244.3800048828125,912600
2020-12-17,250.2899932861328,253.10000610351562,246.38999938964844,249.7899932861328,848000
2020-12-18,255.0,255.72000122070312,248.1999969482422,250.8300018310547,1604800
2020-12-21,254.24000549316406,255.8000030517578,247.0,251.8300018310547,1121400
2020-12-22,258.04998779296875,258.4800109863281,254.50999450683594,255.0800018310547,759200
2020-12-23,254.6999969482422,260.260009765625,254.58999633789062,259.0299987792969,545500
2020-12-24,256.2799987792969,257.4800109863281,253.80999755859375,255.0,200200
2020-12-28,256.1600036621094,261.1300048828125,254.4199981689453,261.1300048828125,454000
2020-12-29,253.82000732421875,258.3399963378906,252.77999877929688,257.7699890136719,450100
2020-12-30,256.9100036621094,258.3399963378906,254.86000061035156,255.3699951171875,390100
2020-12-31,259.239990234375,259.5199890136719,256.5,257.95001220703125,414800
2021-01-04,254.6999969482422,263.0,251.35000610351562,260.0,979700
2021-01-05,258.8900146484375,259.510009765625,253.7899932861328,254.75999450683594,791800
2021-01-06,249.6999969482422,255.0399932861328,249.25999450683594,253.2899932861328,854400
2021-01-07,258.8399963378906,259.44000244140625,252.22999572753906,252.67999267578125,743500
2021-01-08,262.79998779296875,264.3299865722656,259.2900085449219,259.989990234375,630400
2021-01-11,260.42999267578125,264.6199951171875,258.1600036621094,258.1600036621094,533300
2021-01-12,258.5799865722656,261.8399963378906,255.82000732421875,261.4800109863281,560200
2021-01-13,257.1400146484375,259.8800048828125,253.4600067138672,258.95001220703125,700800
2021-01-14,257.9100036621094,260.4800109863281,257.0,257.1199951171875,563000
2021-01-15,258.9200134277344,260.8599853515625,255.0,258.67999267578125,624200
2021-01-19,268.20001220703125,268.6400146484375,261.1000061035156,261.6600036621094,819300
2021-01-20,273.42999267578125,280.1099853515625,270.8299865722656,270.8299865722656,985500
2021-01-21,272.8699951171875,276.20001220703125,271.2699890136719,276.20001220703125,600000
2021-01-22,270.1400146484375,277.2200012207031,269.75,273.2300109863281,562900
2021-01-25,269.6300048828125,274.489990234375,265.0400085449219,273.25,475000
2021-01-26,266.0899963378906,270.1700134277344,265.30999755859375,269.8299865722656,563300
2021-01-27,254.52999877929688,266.510009765625,252.10000610351562,262.5899963378906,812800
2021-01-28,259.1600036621094,264.17999267578125,256.0199890136719,257.5,835500
2021-01-29,255.4499969482422,260.6099853515625,253.72000122070312,257.0799865722656,791300
2021-02-01,263.57000732421875,264.82000732421875,257.4100036621094,259.9599914550781,643000
2021-02-02,269.760009765625,270.1600036621094,264.010009765625,264.010009765625,700000
2021-02-03,265.2099914550781,270.3699951171875,263.5199890136719,270.0,689000
2021-02-04,270.0899963378906,270.2699890136719,264.7200012207031,266.1199951171875,500900
2021-02-05,272.9200134277344,276.9700012207031,271.6099853515625,271.8599853515625,697500
2021-02-08,276.4800109863281,278.3900146484375,274.19000244140625,275.29998779296875,625200
2021-02-09,278.1600036621094,279.92999267578125,275.4100036621094,276.4800109863281,350300
2021-02-10,276.8699951171875,280.239990234375,275.5,278.0299987792969,703300
2021-02-11,286.70001220703125,287.1099853515625,278.3800048828125,279.0799865722656,666500
2021-02-12,292.0899963378906,293.30999755859375,285.0899963378906,286.7099914550781,604700
2021-02-16,290.6700134277344,300.9100036621094,289.9599914550781,299.6199951171875,1102400
2021-02-17,283.760009765625,287.94000244140625,278.8599853515625,286.9100036621094,929400
2021-02-18,270.95001220703125,279.05999755859375,269.2900085449219,278.1000061035156,1160000
2021-02-19,268.07000732421875,274.8299865722656,267.3500061035156,272.6099853515625,1111700
2021-02-22,254.69000244140625,266.79998779296875,253.8699951171875,265.8299865722656,1150900
2021-02-23,253.2100067138672,254.6699981689453,246.08999633789062,251.74000549316406,1567100
2021-02-24,260.67999267578125,260.8900146484375,247.0,248.88999938964844,1294500
2021-02-25,244.08999633789062,259.7300109863281,242.1300048828125,258.8500061035156,1872600
2021-02-26,245.2100067138672,250.1199951171875,243.08999633789062,246.97000122070312,1989600
2021-03-01,254.1699981689453,254.30999755859375,248.33999633789062,249.33999633789062,1266700
2021-03-02,247.8699951171875,257.2300109863281,246.1999969482422,256.0,1001400
2021-03-03,236.92999267578125,246.0399932861328,235.9499969482422,245.74000549316406,1471500
2021-03-04,229.8000030517578,238.0,225.5500030517578,235.61000061035156,1549100
2021-03-05,227.8000030517578,231.6300048828125,217.82000732421875,230.10000610351562,1602700
2021-03-08,218.49000549316406,226.77000427246094,217.69000244140625,226.6300048828125,1305500
2021-03-09,228.39999389648438,232.94000244140625,226.13999938964844,226.2899932861328,1390100
2021-03-10,228.83999633789062,237.91000366210938,228.10000610351562,231.3800048828125,1331600
2021-03-11,234.25999450683594,237.92999267578125,233.17999267578125,234.5,1059100
2021-03-12,229.4499969482422,230.83999633789062,226.8000030517578,230.77000427246094,1342800
2021-03-15,234.8699951171875,235.0,228.02000427246094,229.47999572753906,858200
2021-03-16,234.0500030517578,239.75,232.41000366210938,239.75,811300
2021-03-17,235.61000061035156,237.35000610351562,228.22999572753906,230.92999267578125,1001500
2021-03-18,227.38999938964844,233.44000244140625,227.14999389648438,231.4199981689453,1185100
2021-03-19,227.86000061035156,230.77999877929688,225.5800018310547,227.42999267578125,1328100
2021-03-22,234.42999267578125,237.19000244140625,230.77999877929688,230.77999877929688,1013200
2021-03-23,235.1300048828125,238.33999633789062,234.0800018310547,235.5,887000
2021-03-24,233.0500030517578,238.82000732421875,233.00999450683594,237.3000030517578,817300
2021-03-25,231.6699981689453,232.6999969482422,226.6999969482422,230.8699951171875,758100
2021-03-26,242.75,243.22999572753906,229.3699951171875,231.22000122070312,1258400
2021-03-29,240.4600067138672,243.14999389648438,237.61000061035156,241.72000122070312,1125600
2021-03-30,239.60000610351562,240.47000122070312,233.2100067138672,237.67999267578125,912700
2021-03-31,247.77999877929688,249.27999877929688,241.77999877929688,241.9600067138672,1306100
2021-04-01,254.22999572753906,257.44000244140625,250.0800018310547,251.7899932861328,1000700
2021-04-05,260.1099853515625,260.42999267578125,255.17999267578125,255.17999267578125,1094100
2021-04-06,257.3599853515625,261.5,256.67999267578125,260.5400085449219,729800
2021-04-07,257.0,257.6600036621094,254.60000610351562,257.6199951171875,582200
2021-04-08,261.010009765625,263.3299865722656,258.8399963378906,261.20001220703125,1080400
2021-04-09,261.8500061035156,262.5799865722656,258.3399963378906,259.8500061035156,579700
2021-04-12,258.04998779296875,260.3299865722656,257.0299987792969,259.6600036621094,880900
2021-04-13,261.92999267578125,263.70001220703125,259.54998779296875,261.1000061035156,704500
2021-04-14,258.5899963378906,264.30999755859375,257.6300048828125,262.1000061035156,713600
2021-04-15,262.1300048828125,263.8500061035156,260.0899963378906,262.32000732421875,904800
2021-04-16,260.7699890136719,262.0199890136719,257.7099914550781,261.8900146484375,639500
2021-04-19,250.63999938964844,258.8599853515625,247.39999389648438,258.6199951171875,1121600
2021-04-20,250.1699981689453,252.2899932861328,247.6699981689453,249.58999633789062,621200
2021-04-21,252.55999755859375,253.4600067138672,250.0,250.07000732421875,729700
2021-04-22,248.2100067138672,251.8699951171875,246.4199981689453,250.72000122070312,624200
2021-04-23,251.4499969482422,252.30999755859375,248.50999450683594,249.11000061035156,658900
2021-04-26,256.8800048828125,256.94000244140625,249.9199981689453,252.63999938964844,803200
2021-04-27,251.6999969482422,256.8599853515625,249.02999877929688,254.72999572753906,1049200
2021-04-28,251.3699951171875,252.58999633789062,247.41000366210938,250.10000610351562,720900
2021-04-29,252.50999450683594,254.94000244140625,249.5800018310547,254.38999938964844,551400
2021-04-30,247.05999755859375,252.47000122070312,246.0,250.3800048828125,718900
2021-05-03,244.80999755859375,249.8300018310547,243.97999572753906,248.91000366210938,480200
2021-05-04,237.07000732421875,242.3300018310547,234.55999755859375,241.22000122070312,1243700
2021-05-05,237.4600067138672,241.82000732421875,236.58999633789062,240.69000244140625,914400
2021-05-06,237.4600067138672,239.0800018310547,232.75,235.7899932861328,847500
2021-05-07,241.83999633789062,245.22000122070312,239.6199951171875,240.22999572753906,617700
2021-05-10,232.38999938964844,239.8800048828125,230.7100067138672,239.8800048828125,1006100
2021-05-11,234.82000732421875,236.39999389648438,225.02000427246094,228.27999877929688,1286900
2021-05-12,228.5399932861328,235.19000244140625,227.8000030517578,231.52000427246094,1567600
2021-05-13,230.86000061035156,233.58999633789062,228.60000610351562,229.4199981689453,775400
2021-05-14,239.6999969482422,240.75999450683594,232.83999633789062,234.8699951171875,858300
2021-05-17,236.0,238.89999389648438,233.5,236.5,1265200
2021-05-18,235.02999877929688,239.97000122070312,234.6300048828125,237.3300018310547,999200
2021-05-19,237.36000061035156,237.74000549316406,229.0399932861328,229.72999572753906,992300
2021-05-20,244.7100067138672,246.3800048828125,238.5,238.5,1616600
2021-05-21,242.0,248.2899932861328,240.75999450683594,247.00999450683594,1106700
2021-05-24,248.5800018310547,249.5800018310547,244.0,245.0,959400
2021-05-25,255.8300018310547,256.05999755859375,249.0500030517578,249.77999877929688,1181600
2021-05-26,254.27999877929688,259.1300048828125,253.25,257.989990234375,1038800
2021-05-27,254.6199951171875,256.1700134277344,251.75,253.8699951171875,1219500
2021-05-28,254.33999633789062,257.5299987792969,253.55999755859375,256.8599853515625,807200
2021-06-01,253.82000732421875,255.80999755859375,250.80999755859375,253.9199981689453,866900
2021-06-02,253.0500030517578,256.8500061035156,252.24000549316406,255.36000061035156,672600
2021-06-03,250.58999633789062,252.60000610351562,247.8699951171875,249.50999450683594,662700
2021-06-04,255.8800048828125,256.25,251.86000061035156,251.9499969482422,454900
2021-06-07,252.58999633789062,255.25,250.75999450683594,255.11000061035156,470000
2021-06-08,254.99000549316406,256.9100036621094,254.4499969482422,256.29998779296875,595600
2021-06-09,256.05999755859375,258.57000732421875,255.1199951171875,256.5299987792969,467600
2021-06-10,262.07000732421875,262.4200134277344,255.3000030517578,256.3699951171875,790600
2021-06-11,263.07000732421875,264.0,260.8599853515625,261.6199951171875,492900
2021-06-14,266.489990234375,266.5,261.95001220703125,263.1400146484375,528000
2021-06-15,264.0899963378906,267.2200012207031,263.7300109863281,266.489990234375,660300
2021-06-16,261.4100036621094,266.4200134277344,258.17999267578125,264.3999938964844,861600
2021-06-17,265.1400146484375,266.6199951171875,257.67999267578125,261.29998779296875,861700
2021-06-18,265.8599853515625,268.510009765625,263.3599853515625,266.32000732421875,1376700
2021-06-21,264.79998779296875,267.3900146484375,262.5799865722656,265.2900085449219,862000
2021-06-22,268.4599914550781,268.9100036621094,264.32000732421875,265.1300048828125,499300
2021-06-23,268.8599853515625,270.5799865722656,267.510009765625,268.6099853515625,543200
2021-06-24,273.79998779296875,274.30999755859375,271.5199890136719,272.20001220703125,802400
2021-06-25,268.9700012207031,275.2900085449219,267.5400085449219,273.45001220703125,2959100
2021-06-28,274.0299987792969,274.7900085449219,270.19000244140625,270.95001220703125,960800
2021-06-29,276.17999267578125,276.2799987792969,270.67999267578125,271.5799865722656,474200
2021-06-30,275.7900085449219,277.5299987792969,274.0199890136719,276.239990234375,859400
2021-07-01,277.1099853515625,278.1000061035156,274.8900146484375,276.6099853515625,1011500
2021-07-02,279.1600036621094,280.9599914550781,278.8900146484375,279.0,535900
2021-07-06,279.2900085449219,281.19000244140625,275.95001220703125,279.95001220703125,686200
2021-07-07,279.8599853515625,282.4599914550781,276.82000732421875,281.2900085449219,544000
2021-07-08,278.8599853515625,280.0299987792969,275.3599853515625,276.6600036621094,867300
2021-07-09,280.75,281.3399963378906,276.3299865722656,278.92999267578125,478500
2021-07-12,278.55999755859375,283.0899963378906,277.739990234375,282.0299987792969,458200
2021-07-13,278.0899963378906,279.5400085449219,276.9700012207031,278.5,595000
2021-07-14,279.0799865722656,281.1199951171875,277.6400146484375,279.7200012207031,753400
2021-07-15,277.67999267578125,280.05999755859375,276.19000244140625,280.05999755859375,716500
2021-07-16,276.55999755859375,279.7699890136719,276.20001220703125,277.5,458000
2021-07-19,274.4800109863281,275.05999755859375,272.17999267578125,273.8800048828125,819400
2021-07-20,277.8900146484375,279.6199951171875,273.2799987792969,275.25,893500
2021-07-21,278.2200012207031,278.260009765625,274.8800048828125,277.7300109863281,889500
2021-07-22,281.6000061035156,282.2200012207031,278.05999755859375,278.8999938964844,558600
2021-07-23,285.07000732421875,286.1099853515625,281.489990234375,282.94000244140625,401400
2021-07-26,283.8900146484375,286.0299987792969,282.9100036621094,284.3500061035156,498700
2021-07-27,281.1600036621094,284.1099853515625,277.2200012207031,283.95001220703125,531600
2021-07-28,283.69000244140625,284.489990234375,281.8399963378906,282.3699951171875,526100
2021-07-29,285.5299987792969,287.3399963378906,283.5,283.5199890136719,359300
2021-07-30,287.989990234375,288.3500061035156,283.55999755859375,284.0799865722656,523000
2021-08-02,287.6099853515625,290.8999938964844,286.45001220703125,289.82000732421875,477000
2021-08-03,289.20001220703125,290.239990234375,286.010009765625,288.20001220703125,406200
2021-08-04,291.489990234375,292.5400085449219,287.92999267578125,289.7799987792969,418100
2021-08-05,293.20001220703125,293.3699951171875,290.25,292.0899963378906,358200
2021-08-06,292.42999267578125,293.4700012207031,289.6000061035156,292.3299865722656,401400
2021-08-09,291.3999938964844,293.92999267578125,290.7099914550781,293.7900085449219,384800
2021-08-10,288.25,293.3900146484375,286.6400146484375,292.82000732421875,432800
2021-08-11,288.95001220703125,290.7799987792969,287.8500061035156,290.0400085449219,372800
2021-08-12,292.19000244140625,292.70001220703125,287.6300048828125,288.8900146484375,506500
2021-08-13,293.1199951171875,295.75,291.6199951171875,292.55999755859375,806500
2021-08-16,294.4200134277344,294.5899963378906,290.7699890136719,292.489990234375,715000
2021-08-17,291.6199951171875,293.75,288.1199951171875,292.04998779296875,746000
2021-08-18,290.6300048828125,294.5,288.95001220703125,288.95001220703125,877100
2021-08-19,315.989990234375,317.9599914550781,302.1099853515625,302.6000061035156,2489800
2021-08-20,316.8800048828125,317.6700134277344,310.5400085449219,315.3399963378906,1322100
2021-08-23,320.9200134277344,321.6199951171875,315.05999755859375,316.42999267578125,726400
2021-08-24,324.95001220703125,325.0799865722656,321.1700134277344,322.2099914550781,627700
2021-08-25,325.010009765625,327.5799865722656,323.8699951171875,324.3500061035156,521600
2021-08-26,326.510009765625,327.6199951171875,322.8800048828125,324.7699890136719,823000
2021-08-27,331.80999755859375,333.4599914550781,327.0,327.0,512400
2021-08-30,334.2799987792969,334.7699890136719,331.94000244140625,331.94000244140625,452100
2021-08-31,332.239990234375,335.010009765625,330.80999755859375,335.010009765625,830400
2021-09-01,333.6300048828125,335.0,331.4599914550781,331.69000244140625,693400
2021-09-02,337.739990234375,338.1199951171875,334.5299987792969,334.9200134277344,706900
2021-09-03,336.6400146484375,340.6600036621094,335.9200134277344,337.0400085449219,732500
2021-09-07,336.32000732421875,338.0,331.7699890136719,336.5,655300
2021-09-08,336.5899963378906,338.67999267578125,333.8599853515625,335.79998779296875,448600
2021-09-09,333.54998779296875,336.80999755859375,332.6000061035156,336.3900146484375,523200
2021-09-10,332.489990234375,336.7799987792969,332.0799865722656,335.5799865722656,491600
2021-09-13,331.5899963378906,336.5299987792969,327.5199890136719,334.489990234375,534700
2021-09-14,332.5899963378906,334.07000732421875,330.3999938964844,332.75,613800
2021-09-15,336.0899963378906,336.6400146484375,331.739990234375,333.0,587100
2021-09-16,335.3800048828125,336.8500061035156,333.20001220703125,335.5,738600
2021-09-17,325.5400085449219,331.3299865722656,319.8299865722656,329.05999755859375,2041600
2021-09-20,321.29998779296875,324.0,317.44000244140625,321.6700134277344,909800
2021-09-21,317.8999938964844,323.6099853515625,317.70001220703125,323.3599853515625,933900
2021-09-22,320.5199890136719,321.9200134277344,314.0299987792969,319.0,840600
2021-09-23,322.8800048828125,324.7900085449219,320.4700012207031,322.4599914550781,441600
2021-09-24,321.94000244140625,322.5899963378906,318.19000244140625,320.5899963378906,370100
2021-09-27,313.3999938964844,318.95001220703125,312.3800048828125,318.07000732421875,610600
2021-09-28,301.92999267578125,308.9599914550781,299.6400146484375,307.3599853515625,1005900
2021-09-29,302.6199951171875,305.5899963378906,301.1499938964844,303.2200012207031,682000
2021-09-30,299.4100036621094,306.7300109863281,298.30999755859375,305.0,721200
2021-10-01,302.489990234375,303.95001220703125,295.8500061035156,299.4100036621094,623400
2021-10-04,289.25,300.3500061035156,287.0199890136719,299.45001220703125,893900
2021-10-05,293.3500061035156,295.3399963378906,289.3599853515625,291.30999755859375,714500
2021-10-06,294.57000732421875,294.8299865722656,288.82000732421875,290.0,707700
2021-10-07,298.3699951171875,302.1000061035156,297.29998779296875,298.239990234375,760500
2021-10-08,291.6600036621094,299.2900085449219,291.010009765625,299.1499938964844,635000
2021-10-11,288.739990234375,293.760009765625,288.5299987792969,290.6300048828125,356400
2021-10-12,292.0400085449219,295.0,290.4599914550781,291.3500061035156,576400
2021-10-13,296.29998779296875,299.4800109863281,295.3900146484375,295.79998779296875,616200
2021-10-14,304.8299865722656,306.2300109863281,300.5400085449219,301.1300048828125,598900
2021-10-15,306.260009765625,306.6600036621094,304.1400146484375,305.6300048828125,418500
2021-10-18,307.2200012207031,307.4599914550781,303.8999938964844,305.20001220703125,420200
2021-10-19,311.0,312.0199890136719,307.25,308.30999755859375,513400
2021-10-20,315.5,316.44000244140625,312.67999267578125,314.0,562800
2021-10-21,321.010009765625,322.2099914550781,314.2099914550781,315.70001220703125,625500
2021-10-22,321.1199951171875,326.94000244140625,320.5,322.5899963378906,520200
2021-10-25,324.0,325.4200134277344,321.1300048828125,321.5,427900
2021-10-26,328.0299987792969,332.3999938964844,325.54998779296875,326.0,665500
2021-10-27,319.1300048828125,328.55999755859375,318.8599853515625,327.4700012207031,822500
2021-10-28,326.7799987792969,327.0799865722656,320.54998779296875,320.54998779296875,554100
2021-10-29,333.17999267578125,333.6400146484375,325.3900146484375,325.6300048828125,578500
2021-11-01,329.8399963378906,335.7300109863281,329.29998779296875,333.45001220703125,547700
2021-11-02,333.19000244140625,334.6000061035156,329.8299865722656,330.9100036621094,532300
2021-11-03,333.4100036621094,334.0400085449219,328.2699890136719,333.29998779296875,460600
2021-11-04,341.7200012207031,341.8500061035156,331.3800048828125,333.8399963378906,634200
2021-11-05,340.75,345.1199951171875,340.510009765625,343.3699951171875,515700
2021-11-08,342.9100036621094,344.1199951171875,338.6099853515625,341.739990234375,370400
2021-11-09,348.260009765625,348.3900146484375,341.9100036621094,343.4800109863281,703600
2021-11-10,337.6600036621094,348.8500061035156,337.0199890136719,347.0299987792969,562100
2021-11-11,340.3599853515625,344.0199890136719,339.30999755859375,341.17999267578125,391800
2021-11-12,347.010009765625,347.0899963378906,340.3399963378906,341.2099914550781,803100
2021-11-15,345.75,349.3599853515625,343.32000732421875,349.3599853515625,459100
2021-11-16,353.4599914550781,354.6300048828125,344.4800109863281,344.92999267578125,433700
2021-11-17,353.9200134277344,356.0400085449219,350.6700134277344,355.0,348400
2021-11-18,352.0899963378906,355.010009765625,350.2200012207031,355.0,401500
2021-11-19,357.95001220703125,359.6400146484375,354.95001220703125,355.25,572000
2021-11-22,347.9700012207031,361.2200012207031,347.5400085449219,360.0,632700
2021-11-23,344.6600036621094,351.8699951171875,339.0,346.7699890136719,621100
2021-11-24,349.2099914550781,349.6499938964844,337.0199890136719,341.2300109863281,753700
2021-11-26,342.1600036621094,353.8699951171875,340.1199951171875,348.5899963378906,413700
2021-11-29,355.8699951171875,357.5799865722656,346.5799865722656,349.75,740600
2021-11-30,341.0,355.989990234375,340.510009765625,355.989990234375,1321500
2021-12-01,334.75,348.5,334.1000061035156,344.739990234375,1167400
2021-12-02,349.6700134277344,365.3800048828125,345.1000061035156,354.79998779296875,1590500
2021-12-03,344.55999755859375,352.1300048828125,339.1000061035156,350.20001220703125,1098800
2021-12-06,345.45001220703125,346.4700012207031,334.1099853515625,343.7799987792969,935000
2021-12-07,356.20001220703125,359.6400146484375,352.010009765625,352.1600036621094,1223200
2021-12-08,364.3599853515625,365.1600036621094,353.20001220703125,357.44000244140625,624800
2021-12-09,354.4800109863281,364.6099853515625,354.260009765625,361.54998779296875,538100
2021-12-10,362.3399963378906,362.7799987792969,355.760009765625,358.67999267578125,882300
2021-12-13,362.2300109863281,365.17999267578125,360.57000732421875,362.5899963378906,743500
2021-12-14,345.92999267578125,357.8800048828125,341.92999267578125,354.9700012207031,940300
2021-12-15,361.29998779296875,362.0,345.8699951171875,347.0199890136719,1248000
2021-12-16,352.9200134277344,365.8399963378906,351.79998779296875,363.0799865722656,890900
2021-12-17,348.0400085449219,355.0,342.20001220703125,346.7200012207031,2166100
2021-12-20,346.1099853515625,346.92999267578125,340.0,341.9800109863281,731500
2021-12-21,359.07000732421875,359.75,344.57000732421875,349.57000732421875,810200
2021-12-22,364.8299865722656,365.3299865722656,358.0400085449219,359.07000732421875,474600
2021-12-23,366.1499938964844,368.8900146484375,363.75,364.3699951171875,407900
2021-12-27,375.5899963378906,375.7200012207031,368.3599853515625,368.3699951171875,893900
2021-12-28,372.1499938964844,377.6000061035156,369.9800109863281,376.9200134277344,471800
2021-12-29,373.44000244140625,374.4800109863281,368.3699951171875,372.04998779296875,530900
2021-12-30,370.80999755859375,375.0,370.19000244140625,374.1600036621094,386900
2021-12-31,368.5,370.4800109863281,367.0299987792969,370.4800109863281,654700
2022-01-03,361.1000061035156,371.7300109863281,358.6400146484375,367.1300048828125,674800
2022-01-04,352.989990234375,361.4599914550781,345.4100036621094,360.1000061035156,895200
2022-01-05,339.7699890136719,354.8699951171875,339.2799987792969,349.95001220703125,968400
2022-01-06,344.9700012207031,348.42999267578125,335.20001220703125,336.5,977100
2022-01-07,330.3599853515625,345.05999755859375,330.1099853515625,341.6700134277344,902200
2022-01-10,329.6300048828125,330.1499938964844,318.7699890136719,322.7699890136719,986900
2022-01-11,340.3800048828125,342.3299865722656,326.5400085449219,326.5400085449219,1068500
2022-01-12,338.5899963378906,346.7900085449219,335.8900146484375,343.92999267578125,781500
2022-01-13,327.510009765625,342.8699951171875,326.45001220703125,340.4200134277344,803300
2022-01-14,326.1600036621094,330.2900085449219,321.9200134277344,324.57000732421875,651300
2022-01-18,313.4800109863281,320.3999938964844,312.010009765625,318.2200012207031,878000
2022-01-19,312.1400146484375,319.989990234375,311.5199890136719,314.6099853515625,770300
2022-01-20,309.9599914550781,322.69000244140625,309.4800109863281,314.94000244140625,657000
2022-01-21,303.30999755859375,314.95001220703125,303.0,309.25,1152700
2022-01-24,308.3399963378906,308.760009765625,287.30999755859375,299.9700012207031,1374800
2022-01-25,291.6600036621094,303.5,290.3500061035156,297.7200012207031,913800
2022-01-26,288.55999755859375,303.8699951171875,282.8599853515625,298.9200134277344,1225200
2022-01-27,285.3599853515625,294.8699951171875,282.3399963378906,293.4599914550781,984100
2022-01-28,296.3500061035156,296.8699951171875,279.42999267578125,286.4100036621094,1108000
2022-01-31,310.5,310.8399963378906,295.989990234375,296.3599853515625,925700
2022-02-01,311.82000732421875,313.239990234375,305.82000732421875,311.8399963378906,822100
2022-02-02,315.6300048828125,316.3299865722656,310.0199890136719,314.9100036621094,690600
2022-02-03,303.510009765625,312.5,301.6300048828125,308.6499938964844,868200
2022-02-04,308.8900146484375,311.9700012207031,300.1400146484375,302.0799865722656,771500
2022-02-07,305.1400146484375,313.5400085449219,303.8299865722656,309.5199890136719,829800
2022-02-08,309.1099853515625,310.94000244140625,302.25,302.9800109863281,607600
2022-02-09,324.17999267578125,324.5199890136719,312.67999267578125,314.07000732421875,832400
2022-02-10,311.1499938964844,321.82000732421875,308.2799987792969,314.0199890136719,878700
2022-02-11,295.2900085449219,314.739990234375,293.1700134277344,311.9100036621094,963800
2022-02-14,294.9599914550781,300.1600036621094,290.8699951171875,293.70001220703125,826600
2022-02-15,306.1499938964844,306.4100036621094,298.7699890136719,299.989990234375,819500
2022-02-16,306.7900085449219,308.1199951171875,297.8699951171875,302.6600036621094,995500
2022-02-17,293.30999755859375,319.6300048828125,292.3599853515625,318.5899963378906,1302600
2022-02-18,287.6300048828125,294.44000244140625,285.05999755859375,293.4100036621094,1077000
2022-02-22,289.4700012207031,294.42999267578125,283.989990234375,287.1499938964844,1321100
2022-02-23,285.5299987792969,298.25,285.1300048828125,294.20001220703125,1147900
2022-02-24,307.79998779296875,309.4599914550781,275.0,279.5299987792969,1498300
2022-02-25,311.1499938964844,312.17999267578125,301.05999755859375,306.0899963378906,1040600
2022-02-28,312.3900146484375,316.010009765625,304.29998779296875,307.70001220703125,1083500
2022-03-01,307.7099914550781,314.489990234375,305.2200012207031,311.9800109863281,881800
2022-03-02,315.32000732421875,317.5299987792969,306.9800109863281,310.5400085449219,621400
2022-03-03,308.8399963378906,318.6099853515625,306.57000732421875,317.2300109863281,704900
2022-03-04,309.05999755859375,311.7699890136719,302.8299865722656,306.79998779296875,878400
2022-03-07,295.4599914550781,311.07000732421875,295.3800048828125,309.7200012207031,933500
2022-03-08,296.3500061035156,305.7900085449219,289.3399963378906,292.2200012207031,911100
2022-03-09,307.7900085449219,309.7099914550781,302.20001220703125,303.7200012207031,809800
2022-03-10,300.8399963378906,303.8399963378906,291.5199890136719,300.44000244140625,941800
2022-03-11,293.69000244140625,305.9200134277344,293.1499938964844,305.0,953200
2022-03-14,278.9800109863281,296.0299987792969,277.1600036621094,292.07000732421875,1192000
2022-03-15,285.5,287.1400146484375,278.2799987792969,281.3900146484375,2278200
2022-03-16,300.0799865722656,300.2200012207031,285.489990234375,291.55999755859375,1360200
2022-03-17,304.04998779296875,304.760009765625,297.2099914550781,300.5,1175200
2022-03-18,318.2099914550781,320.6300048828125,301.8800048828125,301.8900146484375,2386300
2022-03-21,314.30999755859375,317.010009765625,307.19000244140625,315.3599853515625,835300
2022-03-22,325.2200012207031,325.739990234375,311.2900085449219,313.8599853515625,1064700
2022-03-23,316.44000244140625,324.1099853515625,316.2699890136719,321.989990234375,846700
2022-03-24,325.55999755859375,325.57000732421875,315.3599853515625,318.2200012207031,696500
2022-03-25,318.9100036621094,326.0,314.7900085449219,324.8500061035156,719200
2022-03-28,332.3800048828125,332.8599853515625,318.0,318.2799987792969,974700
2022-03-29,341.0,342.5899963378906,333.9599914550781,336.6099853515625,981500
2022-03-30,332.5899963378906,339.6700134277344,330.75,337.32000732421875,706800
2022-03-31,333.2699890136719,340.0899963378906,331.0799865722656,334.1499938964844,1089800
2022-04-01,334.9800109863281,338.1000061035156,330.2200012207031,333.739990234375,862600
2022-04-04,340.1499938964844,341.1600036621094,336.0,336.9700012207031,654400
2022-04-05,327.7099914550781,340.1499938964844,325.6000061035156,339.2699890136719,813900
2022-04-06,324.8500061035156,329.6099853515625,318.5,323.29998779296875,931300
2022-04-07,326.3699951171875,329.92999267578125,321.8999938964844,322.489990234375,782600
2022-04-08,319.8299865722656,325.3500061035156,317.04998779296875,324.2900085449219,783100
2022-04-11,309.7699890136719,317.3800048828125,307.5199890136719,316.0199890136719,978300
2022-04-12,310.8299865722656,320.7699890136719,309.3500061035156,316.4200134277344,775900
2022-04-13,306.7200012207031,322.0799865722656,296.6400146484375,311.2300109863281,2916700
2022-04-14,294.7699890136719,306.30999755859375,293.17999267578125,306.30999755859375,1486400
2022-04-18,297.1199951171875,300.0,292.17999267578125,293.1099853515625,757600
2022-04-19,306.3299865722656,307.19000244140625,294.739990234375,294.739990234375,679600
2022-04-20,306.260009765625,310.3699951171875,304.2699890136719,308.1000061035156,775200
2022-04-21,295.5,312.5799865722656,293.8500061035156,308.82000732421875,665800
2022-04-22,285.0,297.80999755859375,284.5400085449219,294.9700012207031,1062000
2022-04-25,290.9200134277344,291.4800109863281,284.29998779296875,286.07000732421875,829900
2022-04-26,282.8999938964844,292.94000244140625,281.29998779296875,290.9200134277344,1022200
2022-04-27,287.0299987792969,293.8299865722656,283.0,283.0,1005400
2022-04-28,301.8599853515625,305.05999755859375,290.7099914550781,291.95001220703125,724100
2022-04-29,286.7900085449219,302.3699951171875,285.5400085449219,298.54998779296875,763100
2022-05-02,290.7099914550781,291.2300109863281,280.8999938964844,286.54998779296875,1028900
2022-05-03,292.2099914550781,294.70001220703125,287.70001220703125,290.45001220703125,705300
2022-05-04,299.19000244140625,299.94000244140625,282.8399963378906,293.3800048828125,1064200
2022-05-05,282.3399963378906,294.8599853515625,278.3699951171875,293.2300109863281,1145800
2022-05-06,274.7099914550781,280.5,268.7099914550781,279.8399963378906,1119500
2022-05-09,262.4100036621094,271.2900085449219,260.4100036621094,269.239990234375,1209400
2022-05-10,270.510009765625,275.1000061035156,260.70001220703125,270.92999267578125,1068000
2022-05-11,260.8299865722656,272.79998779296875,259.8900146484375,266.8699951171875,817100
2022-05-12,262.05999755859375,264.8999938964844,255.02000427246094,257.94000244140625,855500
2022-05-13,275.989990234375,277.54998779296875,266.7699890136719,267.3800048828125,917700
2022-05-16,273.7300109863281,276.9599914550781,270.0,273.4200134277344,818000
2022-05-17,282.80999755859375,284.5,276.0299987792969,279.8399963378906,800000
2022-05-18,272.57000732421875,281.6199951171875,270.739990234375,277.6300048828125,1262500
2022-05-19,300.5199890136719,307.0,287.260009765625,289.0,2361500
2022-05-20,306.7200012207031,308.1099853515625,293.3299865722656,303.8599853515625,1833300
2022-05-23,306.9800109863281,311.239990234375,301.5899963378906,311.239990234375,1022300
2022-05-24,296.3699951171875,303.4800109863281,294.25,302.29998779296875,1181100
2022-05-25,299.1700134277344,302.7799987792969,292.5199890136719,295.7699890136719,967700
2022-05-26,306.1000061035156,308.8399963378906,297.0199890136719,299.7200012207031,859500
2022-05-27,322.9599914550781,323.4800109863281,309.239990234375,311.44000244140625,1162600
2022-05-31,319.20001220703125,324.5,314.3800048828125,323.6700134277344,1219300
2022-06-01,316.8599853515625,324.6600036621094,313.0899963378906,321.989990234375,781600
2022-06-02,330.80999755859375,331.2200012207031,315.5299987792969,316.45001220703125,729400
2022-06-03,327.67999267578125,328.760009765625,323.32000732421875,325.489990234375,742200
2022-06-06,328.7900085449219,335.2900085449219,327.2200012207031,332.1300048828125,503800
2022-06-07,329.5299987792969,330.7099914550781,323.010009765625,323.0899963378906,872900
2022-06-08,322.8900146484375,328.19000244140625,321.25,327.6000061035156,688500
2022-06-09,317.0799865722656,325.2900085449219,317.07000732421875,321.67999267578125,565000
2022-06-10,305.3900146484375,310.9700012207031,303.92999267578125,310.04998779296875,711900
2022-06-13,290.25,296.94000244140625,288.6700134277344,293.6000061035156,1202500
2022-06-14,295.1600036621094,298.3500061035156,288.9800109863281,291.9599914550781,815300
2022-06-15,303.239990234375,309.0899963378906,296.80999755859375,297.79998779296875,903300
2022-06-16,289.489990234375,297.6300048828125,286.30999755859375,294.80999755859375,1094100
2022-06-17,296.17999267578125,301.3900146484375,289.3699951171875,289.3699951171875,1823000
2022-06-21,302.2200012207031,306.260009765625,299.55999755859375,299.8999938964844,904000
2022-06-22,301.239990234375,305.1499938964844,297.19000244140625,297.70001220703125,814200
2022-06-23,309.25,309.92999267578125,301.6300048828125,305.07000732421875,815600
2022-06-24,317.4700012207031,318.5799865722656,311.1000061035156,313.260009765625,1946200
2022-06-27,311.8599853515625,317.2099914550781,310.2300109863281,313.7900085449219,750300
2022-06-28,303.6700134277344,314.1300048828125,302.239990234375,312.0199890136719,795100
2022-06-29,306.05999755859375,309.5400085449219,303.3999938964844,304.4200134277344,855800
2022-06-30,303.70001220703125,307.92999267578125,300.3999938964844,301.2300109863281,1039700
2022-07-01,301.2300109863281,304.1300048828125,295.45001220703125,302.25,916500
2022-07-05,302.9100036621094,303.7699890136719,296.30999755859375,298.2300109863281,891200
2022-07-06,309.6300048828125,310.739990234375,299.8599853515625,304.4100036621094,913100
2022-07-07,319.42999267578125,320.79998779296875,309.6300048828125,309.6300048828125,864000
2022-07-08,317.5400085449219,318.79998779296875,312.5400085449219,314.2300109863281,578100
2022-07-11,315.19000244140625,318.42999267578125,311.3900146484375,314.739990234375,496000
2022-07-12,306.4100036621094,319.6600036621094,305.0899963378906,317.239990234375,745600
2022-07-13,303.07000732421875,305.44000244140625,296.6600036621094,299.7799987792969,720100
2022-07-14,305.0199890136719,306.94000244140625,294.2900085449219,301.0799865722656,558600
2022-07-15,314.29998779296875,314.9800109863281,307.8999938964844,308.760009765625,832500
2022-07-18,310.42999267578125,317.7900085449219,308.92999267578125,316.42999267578125,729800
2022-07-19,323.510009765625,324.29998779296875,315.19000244140625,315.5799865722656,955200
2022-07-20,330.70001220703125,332.5199890136719,323.9100036621094,325.0,767500
2022-07-21,338.6600036621094,339.1400146484375,330.42999267578125,331.010009765625,774200
2022-07-22,338.0400085449219,343.1700134277344,335.6700134277344,339.92999267578125,813400
2022-07-25,337.6700134277344,338.5799865722656,333.1499938964844,336.94000244140625,806700
2022-07-26,339.4100036621094,343.30999755859375,335.7300109863281,338.5799865722656,1048200
2022-07-27,353.5400085449219,357.2099914550781,343.1700134277344,344.07000732421875,1124600
2022-07-28,362.6400146484375,363.3999938964844,353.010009765625,354.239990234375,821000
2022-07-29,367.5,369.25,360.6499938964844,363.44000244140625,980500
2022-08-01,370.010009765625,371.25,361.4100036621094,364.1700134277344,1022800
2022-08-02,368.3599853515625,371.80999755859375,366.2200012207031,367.4599914550781,1405300
2022-08-03,370.8399963378906,372.4100036621094,359.0,359.0,1175700
2022-08-04,372.2900085449219,372.4700012207031,367.6700134277344,371.57000732421875,756600
2022-08-05,374.2900085449219,375.69000244140625,365.5,366.0899963378906,660500
2022-08-08,372.07000732421875,378.4700012207031,369.760009765625,375.0,725200
2022-08-09,372.6099853515625,375.07000732421875,368.9800109863281,369.19000244140625,820200
2022-08-10,375.7099914550781,381.70001220703125,373.3500061035156,380.19000244140625,1179000
2022-08-11,377.010009765625,380.8900146484375,373.6000061035156,380.0799865722656,910100
2022-08-12,385.44000244140625,386.0,376.7099914550781,377.9599914550781,931100
2022-08-15,390.45001220703125,391.1700134277344,383.9100036621094,385.1000061035156,654700
2022-08-16,385.6700134277344,389.489990234375,382.6300048828125,385.510009765625,697000
2022-08-17,381.0,384.760009765625,378.4100036621094,384.260009765625,1475500
2022-08-18,373.32000732421875,391.0,371.8599853515625,384.3500061035156,1923400
2022-08-19,363.0,368.8500061035156,361.1700134277344,368.8500061035156,1524100
2022-08-22,358.1000061035156,361.6000061035156,356.07000732421875,358.32000732421875,1296800
2022-08-23,359.0,361.239990234375,354.25,354.42999267578125,1016600
2022-08-24,358.75,360.6199951171875,355.3800048828125,357.7799987792969,695000
2022-08-25,363.260009765625,363.3599853515625,357.55999755859375,359.8299865722656,777700
2022-08-26,355.0,363.5400085449219,352.95001220703125,362.7699890136719,1219600
2022-08-29,347.489990234375,354.489990234375,347.3399963378906,350.5400085449219,1096200
2022-08-30,346.0,351.3900146484375,341.6199951171875,350.5299987792969,1037200
2022-08-31,346.0199890136719,353.29998779296875,344.42999267578125,348.9599914550781,1653700
2022-09-01,332.489990234375,342.5299987792969,324.6300048828125,341.260009765625,1619600
2022-09-02,330.55999755859375,338.0799865722656,329.45001220703125,334.1400146484375,1073900
2022-09-06,326.8299865722656,331.6600036621094,323.9700012207031,330.7300109863281,1230300
2022-09-07,332.0400085449219,333.510009765625,325.4800109863281,328.54998779296875,915900
2022-09-08,333.760009765625,334.4800109863281,328.0899963378906,330.1499938964844,854900
2022-09-09,340.17999267578125,342.30999755859375,334.2699890136719,335.95001220703125,839500
2022-09-12,339.55999755859375,342.4599914550781,337.3900146484375,341.92999267578125,830100
2022-09-13,323.6099853515625,331.2799987792969,322.6400146484375,329.6700134277344,1282500
2022-09-14,323.3699951171875,328.0,319.6300048828125,327.0899963378906,1376800
2022-09-15,315.94000244140625,323.3500061035156,314.05999755859375,321.4700012207031,1500000
2022-09-16,314.2099914550781,314.489990234375,308.07000732421875,310.7900085449219,2322200
2022-09-19,317.32000732421875,318.0199890136719,310.5799865722656,310.6300048828125,1496900
2022-09-20,316.260009765625,317.739990234375,313.54998779296875,315.0400085449219,1424500
2022-09-21,313.1099853515625,325.5199890136719,313.0799865722656,319.2699890136719,882600
2022-09-22,306.9700012207031,312.7099914550781,306.30999755859375,310.3699951171875,1107700
2022-09-23,303.2799987792969,305.2300109863281,299.6700134277344,304.6199951171875,845200
2022-09-26,303.3399963378906,309.19000244140625,302.8399963378906,303.95001220703125,1010400
2022-09-27,306.0899963378906,308.69000244140625,301.1600036621094,307.20001220703125,874700
2022-09-28,313.1600036621094,314.8900146484375,304.6499938964844,307.70001220703125,937600
2022-09-29,309.2200012207031,311.760009765625,306.17999267578125,310.20001220703125,901500
2022-09-30,305.510009765625,313.010009765625,304.7200012207031,307.69000244140625,1312400
2022-10-03,316.9800109863281,320.1600036621094,307.70001220703125,308.7900085449219,1077100
2022-10-04,321.70001220703125,326.1099853515625,320.6600036621094,322.5799865722656,801700
2022-10-05,321.3699951171875,323.8699951171875,315.9599914550781,316.2900085449219,1094300
2022-10-06,321.92999267578125,326.0,319.79998779296875,320.6199951171875,917700
2022-10-07,307.010009765625,315.8800048828125,305.239990234375,314.4100036621094,1093400
2022-10-10,292.9800109863281,308.1300048828125,292.8399963378906,307.0899963378906,1918100
2022-10-11,277.3399963378906,292.9200134277344,275.9599914550781,292.9200134277344,2919900
2022-10-12,276.19000244140625,281.5,275.95001220703125,278.55999755859375,1851700
2022-10-13,287.42999267578125,288.9100036621094,267.0,268.4200134277344,2003500
2022-10-14,277.6099853515625,290.92999267578125,277.2200012207031,290.7200012207031,990800
2022-10-17,289.260009765625,292.1099853515625,285.80999755859375,285.80999755859375,1087900
2022-10-18,292.2699890136719,300.3299865722656,289.2900085449219,297.1300048828125,834500
2022-10-19,288.9599914550781,292.0199890136719,286.0299987792969,287.2699890136719,451400
2022-10-20,289.7099914550781,296.32000732421875,286.55999755859375,290.3999938964844,669300
2022-10-21,296.5,298.5799865722656,285.17999267578125,288.79998779296875,1290700
2022-10-24,301.67999267578125,303.3299865722656,294.260009765625,298.3800048828125,837700
2022-10-25,294.7300109863281,304.80999755859375,292.94000244140625,303.8999938964844,1422200
2022-10-26,292.7300109863281,300.0,289.79998779296875,292.9700012207031,992200
2022-10-27,289.19000244140625,296.5799865722656,287.7699890136719,295.57000732421875,918200
2022-10-28,295.8399963378906,296.6000061035156,290.3599853515625,291.239990234375,662500
2022-10-31,292.54998779296875,295.4800109863281,291.1000061035156,293.3299865722656,781400
2022-11-01,291.1700134277344,298.3500061035156,288.7099914550781,297.45001220703125,689900
2022-11-02,281.1099853515625,295.4800109863281,280.7799987792969,292.45001220703125,797300
2022-11-03,279.2900085449219,284.5400085449219,276.6600036621094,278.7099914550781,857300
2022-11-04,276.57000732421875,283.3800048828125,269.8800048828125,283.3800048828125,1025800
2022-11-07,280.5299987792969,281.67999267578125,275.3299865722656,278.8800048828125,1239700
2022-11-08,291.5799865722656,292.4800109863281,280.6000061035156,282.3999938964844,1118100
2022-11-09,290.0799865722656,291.9599914550781,287.0,288.57000732421875,1040000
2022-11-10,318.760009765625,320.0299987792969,306.1700134277344,307.739990234375,1269600
2022-11-11,331.3999938964844,331.45001220703125,317.1099853515625,318.4700012207031,1276000
2022-11-14,330.67999267578125,334.4800109863281,328.510009765625,329.989990234375,897900
2022-11-15,334.20001220703125,340.6099853515625,332.5299987792969,338.0899963378906,700600
2022-11-16,331.45001220703125,334.2099914550781,327.260009765625,333.0,709400
2022-11-17,324.2699890136719,328.1400146484375,319.9800109863281,325.2300109863281,710100
2022-11-18,325.8900146484375,329.6199951171875,323.0400085449219,329.1700134277344,477600
2022-11-21,324.82000732421875,327.2200012207031,322.8599853515625,325.57000732421875,567700
2022-11-22,326.9599914550781,327.17999267578125,321.1600036621094,325.8500061035156,562700
2022-11-23,334.2900085449219,336.30999755859375,325.54998779296875,326.7300109863281,395900
2022-11-25,332.6400146484375,334.82000732421875,331.7900085449219,333.32000732421875,247500
2022-11-28,329.1199951171875,336.29998779296875,328.239990234375,332.239990234375,837700
2022-11-29,323.6600036621094,330.6600036621094,320.5899963378906,328.07000732421875,561100
2022-11-30,339.5400085449219,340.04998779296875,322.3999938964844,325.2300109863281,1586000
2022-12-01,357.8399963378906,363.989990234375,348.5299987792969,362.5899963378906,1310200
2022-12-02,348.1700134277344,350.5,340.5,348.9700012207031,1076300
2022-12-05,331.2699890136719,345.3900146484375,328.489990234375,345.3900146484375,1358200
2022-12-06,328.0199890136719,331.20001220703125,324.739990234375,331.20001220703125,858800
2022-12-07,323.79998779296875,328.6000061035156,321.260009765625,327.1499938964844,817600
2022-12-08,330.6099853515625,333.42999267578125,325.0,325.20001220703125,996500
2022-12-09,325.75,331.1600036621094,325.1400146484375,329.2900085449219,819000
2022-12-12,334.3399963378906,334.7900085449219,325.0799865722656,325.489990234375,968700
2022-12-13,338.1300048828125,350.45001220703125,336.260009765625,349.3900146484375,1130400
2022-12-14,332.0299987792969,342.3599853515625,328.6099853515625,337.9599914550781,1483000
2022-12-15,323.82000732421875,328.2200012207031,322.3500061035156,327.45001220703125,1343800
2022-12-16,329.1199951171875,335.510009765625,326.1199951171875,331.2799987792969,2397100
2022-12-19,323.3900146484375,330.239990234375,320.6600036621094,329.69000244140625,1218400
2022-12-20,324.42999267578125,326.3999938964844,320.6499938964844,320.6499938964844,1056600
2022-12-21,330.2200012207031,331.6199951171875,322.6499938964844,325.5400085449219,532100
2022-12-22,321.7200012207031,326.3699951171875,316.0199890136719,325.4599914550781,677000
2022-12-23,320.2099914550781,320.5899963378906,315.6199951171875,318.989990234375,341200
2022-12-27,317.95001220703125,320.7900085449219,315.54998779296875,320.7900085449219,467900
2022-12-28,315.30999755859375,321.05999755859375,314.9200134277344,317.82000732421875,349300
2022-12-29,321.9800109863281,324.7900085449219,318.7200012207031,319.1600036621094,416200
2022-12-30,319.2900085449219,319.3299865722656,315.4200134277344,317.8399963378906,541000
2023-01-03,319.67999267578125,326.30999755859375,315.55999755859375,323.0,706100
2023-01-04,320.92999267578125,325.9200134277344,315.9800109863281,323.760009765625,790400
2023-01-05,315.0400085449219,318.1000061035156,312.25,317.75,794200
2023-01-06,320.5400085449219,323.3500061035156,312.2699890136719,318.8900146484375,603900
2023-01-09,325.95001220703125,332.6000061035156,323.3299865722656,323.3299865722656,717700
2023-01-10,327.6300048828125,328.5299987792969,324.20001220703125,324.55999755859375,530500
2023-01-11,334.3500061035156,334.8800048828125,328.94000244140625,329.6000061035156,592100
2023-01-12,333.1000061035156,336.489990234375,328.4100036621094,335.0,535300
2023-01-13,332.9700012207031,333.7799987792969,327.55999755859375,330.05999755859375,550700
2023-01-17,337.29998779296875,339.6400146484375,331.0299987792969,334.0799865722656,653900
2023-01-18,335.6600036621094,346.1000061035156,335.239990234375,339.4599914550781,587100
2023-01-19,331.2799987792969,337.54998779296875,330.44000244140625,331.8299865722656,630700
2023-01-20,342.4200134277344,343.79998779296875,329.8900146484375,330.3399963378906,816600
2023-01-23,350.3299865722656,352.0899963378906,341.69000244140625,342.5400085449219,661800
2023-01-24,349.2799987792969,351.0,346.0,349.5899963378906,448300
2023-01-25,349.2699890136719,351.25,339.6000061035156,344.3800048828125,429300
2023-01-26,356.6700134277344,357.3500061035156,350.5400085449219,354.1199951171875,544800
2023-01-27,357.2699890136719,359.8699951171875,353.010009765625,353.9200134277344,489800
2023-01-30,349.8800048828125,355.760009765625,349.239990234375,354.2699890136719,629800
2023-01-31,353.75,356.25,350.75,350.75,934200
2023-02-01,367.04998779296875,369.6099853515625,353.0199890136719,353.6700134277344,844300
2023-02-02,368.5899963378906,374.6499938964844,366.05999755859375,372.3900146484375,939700
2023-02-03,361.44000244140625,366.3399963378906,358.3599853515625,360.6300048828125,941300
2023-02-06,359.9700012207031,362.79998779296875,356.6300048828125,357.25,578400
2023-02-07,366.75,368.5199890136719,355.82000732421875,359.1600036621094,692700
2023-02-08,360.6000061035156,367.6099853515625,359.70001220703125,365.1199951171875,757000
2023-02-09,363.7099914550781,371.3999938964844,362.6700134277344,365.9700012207031,1061400
2023-02-10,359.1099853515625,360.9800109863281,356.6300048828125,359.989990234375,590400
2023-02-13,361.760009765625,364.8999938964844,360.0899963378906,361.260009765625,664700
2023-02-14,375.94000244140625,378.3299865722656,362.8699951171875,362.8699951171875,1137700
2023-02-15,379.4800109863281,379.760009765625,373.75,375.489990234375,869500
2023-02-16,359.7099914550781,364.0400085449219,350.0,357.8699951171875,1744400
2023-02-17,354.45001220703125,358.6400146484375,350.8299865722656,354.2900085449219,899600
2023-02-21,352.3500061035156,352.70001220703125,347.9700012207031,350.6600036621094,823900
2023-02-22,355.05999755859375,359.05999755859375,352.1199951171875,354.44000244140625,942300
2023-02-23,365.4800109863281,367.54998779296875,359.3299865722656,360.0,1203400
2023-02-24,362.2799987792969,362.8399963378906,357.6499938964844,359.0,895400
2023-02-27,363.3599853515625,368.25,361.5799865722656,367.3999938964844,1040500
2023-02-28,363.760009765625,368.3900146484375,363.1300048828125,363.1300048828125,882500
2023-03-01,361.0199890136719,365.9700012207031,359.9599914550781,363.19000244140625,645000
2023-03-02,363.3800048828125,364.4200134277344,355.5299987792969,359.2200012207031,536000
2023-03-03,367.5,367.94000244140625,364.1300048828125,365.0,620100
2023-03-06,368.7699890136719,371.239990234375,364.989990234375,367.42999267578125,776000
2023-03-07,361.2799987792969,370.2699890136719,359.3299865722656,367.6600036621094,551300
2023-03-08,369.0199890136719,370.1099853515625,360.5,361.2099914550781,828700
2023-03-09,361.9200134277344,374.30999755859375,360.42999267578125,369.1600036621094,774700
2023-03-10,355.2300109863281,364.6600036621094,353.6300048828125,361.80999755859375,758200
2023-03-13,357.2900085449219,363.2200012207031,350.5799865722656,351.29998779296875,785400
2023-03-14,369.8399963378906,370.20001220703125,360.1099853515625,361.3399963378906,999500
2023-03-15,366.82000732421875,370.0,360.6199951171875,366.95001220703125,903100
2023-03-16,374.0,377.7099914550781,364.239990234375,366.20001220703125,884400
2023-03-17,372.5299987792969,378.29998779296875,370.5199890136719,374.0,1640800
2023-03-20,375.5899963378906,376.010009765625,370.239990234375,373.79998779296875,714600
2023-03-21,374.3599853515625,377.6199951171875,369.510009765625,377.6199951171875,896100
2023-03-22,371.3500061035156,381.8599853515625,371.1700134277344,373.3900146484375,723600
2023-03-23,379.3999938964844,381.1300048828125,371.2300109863281,375.4700012207031,974400
2023-03-24,376.55999755859375,379.9599914550781,370.3699951171875,378.1400146484375,944500
2023-03-27,373.9200134277344,378.7799987792969,371.20001220703125,377.0899963378906,655100
2023-03-28,369.8699951171875,374.8299865722656,366.0400085449219,372.80999755859375,692200
2023-03-29,375.0400085449219,377.25,372.3599853515625,373.82000732421875,902400
2023-03-30,375.94000244140625,378.7799987792969,373.1000061035156,376.5400085449219,722100
2023-03-31,386.25,386.7200012207031,375.9599914550781,377.0,1131900
2023-04-03,388.94000244140625,389.5799865722656,384.1199951171875,385.17999267578125,843200
2023-04-04,384.92999267578125,392.7900085449219,384.010009765625,389.8800048828125,602400
2023-04-05,378.3599853515625,384.4800109863281,376.1000061035156,383.25,827200
2023-04-06,375.9200134277344,378.30999755859375,373.4100036621094,375.6199951171875,848400
2023-04-10,379.989990234375,380.45001220703125,371.0,372.9700012207031,490100
2023-04-11,379.3999938964844,382.3299865722656,377.5,378.0,457500
2023-04-12,376.5199890136719,383.3800048828125,376.07000732421875,382.3800048828125,532000
2023-04-13,381.55999755859375,382.260009765625,377.3900146484375,380.29998779296875,1129400
2023-04-14,381.67999267578125,383.2900085449219,377.75,378.8599853515625,613600
2023-04-17,380.19000244140625,382.510009765625,376.4700012207031,381.9599914550781,463400
2023-04-18,380.42999267578125,384.2699890136719,378.17999267578125,382.760009765625,385800
2023-04-19,378.7699890136719,379.7699890136719,375.19000244140625,378.6499938964844,432900
2023-04-20,377.55999755859375,382.5199890136719,375.5299987792969,376.1499938964844,513800
2023-04-21,377.260009765625,381.7099914550781,374.6199951171875,376.82000732421875,558800
2023-04-24,375.6700134277344,380.8500061035156,374.2099914550781,375.67999267578125,490400
2023-04-25,364.5299987792969,372.0299987792969,360.3699951171875,371.4100036621094,842200
2023-04-26,365.1000061035156,370.6199951171875,363.989990234375,364.5299987792969,718700
2023-04-27,368.3900146484375,369.5,362.05999755859375,367.29998779296875,566500
2023-04-28,371.32000732421875,374.8500061035156,367.20001220703125,368.3900146484375,743100
2023-05-01,371.6199951171875,372.8900146484375,367.94000244140625,370.760009765625,538700
2023-05-02,368.8299865722656,374.79998779296875,367.1499938964844,372.20001220703125,648500
2023-05-03,368.0,373.7699890136719,366.1000061035156,369.05999755859375,580300
2023-05-04,366.6199951171875,370.8500061035156,366.1000061035156,368.1099853515625,551800
2023-05-05,371.55999755859375,372.3500061035156,366.8900146484375,368.32000732421875,679000
2023-05-08,371.739990234375,373.3900146484375,367.3399963378906,371.3900146484375,628500
2023-05-09,366.95001220703125,370.07000732421875,366.04998779296875,369.5,559900
2023-05-10,370.1199951171875,372.760009765625,365.4599914550781,370.6600036621094,563000
2023-05-11,367.9599914550781,370.82000732421875,365.5899963378906,370.4700012207031,597700
2023-05-12,368.8399963378906,369.510009765625,365.6000061035156,368.5799865722656,761700
2023-05-15,373.2799987792969,373.3699951171875,365.6700134277344,368.1199951171875,856800
2023-05-16,375.1400146484375,377.0,370.2099914550781,370.739990234375,859600
2023-05-17,377.0799865722656,380.05999755859375,374.20001220703125,377.3500061035156,1103600
2023-05-18,409.7099914550781,410.9100036621094,386.5,387.5,2005700
2023-05-19,408.5,418.3999938964844,407.4700012207031,413.0299987792969,1296700
2023-05-22,401.67999267578125,408.1099853515625,398.4100036621094,405.760009765625,1078600
2023-05-23,393.0899963378906,399.67999267578125,392.0,399.6099853515625,844400
2023-05-24,395.3900146484375,398.0,390.20001220703125,390.5799865722656,830400
2023-05-25,434.20001220703125,440.6400146484375,409.8399963378906,410.0299987792969,2576300
2023-05-26,444.7300109863281,450.0,434.29998779296875,434.29998779296875,1903500
2023-05-30,464.8299865722656,468.0299987792969,452.0,454.1700134277344,2692400
2023-05-31,454.9599914550781,462.3399963378906,451.1000061035156,460.45001220703125,3080100
2023-06-01,454.54998779296875,460.8699951171875,445.8399963378906,446.5299987792969,1359100
2023-06-02,449.3599853515625,457.8500061035156,447.57000732421875,455.44000244140625,1047000
2023-06-05,450.1600036621094,454.0899963378906,445.1000061035156,448.2300109863281,737100
2023-06-06,443.8399963378906,450.8800048828125,442.739990234375,448.25,1152500
2023-06-07,435.32000732421875,446.2099914550781,433.760009765625,443.9800109863281,1141900
2023-06-08,437.69000244140625,440.489990234375,433.239990234375,435.9800109863281,799700
2023-06-09,438.7799987792969,447.42999267578125,437.7699890136719,440.8299865722656,782100
2023-06-12,446.0400085449219,446.6199951171875,437.75,440.0,711100
2023-06-13,449.9800109863281,451.95001220703125,442.0899963378906,448.75,829000
2023-06-14,446.04998779296875,451.489990234375,440.8500061035156,446.6300048828125,999800
2023-06-15,446.3699951171875,449.20001220703125,441.8500061035156,442.8999938964844,904800
2023-06-16,441.19000244140625,449.8800048828125,438.5400085449219,448.739990234375,1890200
2023-06-20,435.5,441.3299865722656,431.5400085449219,437.3399963378906,1076800
2023-06-21,426.3399963378906,437.95001220703125,424.8900146484375,434.92999267578125,1038500
2023-06-22,426.1300048828125,427.8500061035156,417.80999755859375,423.7799987792969,918000
2023-06-23,419.55999755859375,424.57000732421875,417.7699890136719,422.739990234375,4197700
2023-06-26,417.2099914550781,425.5,417.0400085449219,420.6499938964844,732200
2023-06-27,426.7799987792969,429.1300048828125,416.8699951171875,420.9700012207031,849100
2023-06-28,427.1499938964844,429.6099853515625,423.1499938964844,424.5799865722656,705600
2023-06-29,427.8999938964844,430.8699951171875,425.1400146484375,429.6300048828125,496200
2023-06-30,435.4100036621094,438.3500061035156,431.0299987792969,431.6199951171875,973600
2023-07-03,434.010009765625,436.510009765625,429.6199951171875,431.5199890136719,484100
2023-07-05,432.739990234375,437.57000732421875,431.4700012207031,432.4700012207031,624400
2023-07-06,431.1099853515625,432.6600036621094,425.4100036621094,426.82000732421875,965700
2023-07-07,431.2900085449219,434.8999938964844,426.489990234375,430.0400085449219,1115400
2023-07-10,445.7200012207031,447.010009765625,432.0199890136719,432.19000244140625,1320900
2023-07-11,438.70001220703125,446.1700134277344,434.1400146484375,446.1700134277344,944300
2023-07-12,441.3500061035156,445.42999267578125,438.2300109863281,444.7799987792969,800900
2023-07-13,448.8399963378906,451.1000061035156,445.6400146484375,448.32000732421875,794400
2023-07-14,454.1099853515625,457.2099914550781,449.5199890136719,449.5199890136719,865100
2023-07-17,461.17999267578125,462.8500061035156,453.2200012207031,454.2900085449219,673500
2023-07-18,462.92999267578125,465.0,453.19000244140625,458.7099914550781,924900
2023-07-19,457.3299865722656,465.6700134277344,455.760009765625,464.7200012207031,685200
2023-07-20,451.7099914550781,458.2900085449219,450.70001220703125,454.8399963378906,800300
2023-07-21,454.0,458.29998779296875,451.0,454.7900085449219,2549700
2023-07-24,450.75,455.0,447.32000732421875,454.0,762700
2023-07-25,456.45001220703125,460.20001220703125,445.9599914550781,445.9599914550781,856900
2023-07-26,449.3299865722656,455.760009765625,445.4200134277344,455.760009765625,647900
2023-07-27,448.739990234375,460.25,447.489990234375,455.510009765625,653900
2023-07-28,450.8999938964844,456.1300048828125,448.4599914550781,455.5899963378906,701900
2023-07-31,451.79998779296875,453.1099853515625,447.7699890136719,451.0,563100
2023-08-01,453.510009765625,454.55999755859375,444.30999755859375,448.1400146484375,550400
2023-08-02,441.17999267578125,449.75,439.0799865722656,449.75,816100
2023-08-03,440.1199951171875,441.7300109863281,436.70001220703125,436.8999938964844,493900
2023-08-04,441.4200134277344,449.3699951171875,437.2200012207031,442.2900085449219,603600
2023-08-07,444.0,448.9700012207031,441.75,445.3699951171875,459700
2023-08-08,435.989990234375,441.3399963378906,433.7099914550781,441.3399963378906,658500
2023-08-09,428.9599914550781,436.3699951171875,425.80999755859375,435.2200012207031,575000
2023-08-10,431.3900146484375,438.8399963378906,429.45001220703125,435.17999267578125,492000
2023-08-11,428.4599914550781,431.3299865722656,425.44000244140625,426.5299987792969,477700
2023-08-14,434.8500061035156,434.989990234375,425.6099853515625,426.1099853515625,775500
2023-08-15,436.739990234375,439.1199951171875,433.510009765625,435.510009765625,800500
2023-08-16,428.2099914550781,436.5799865722656,427.42999267578125,436.5799865722656,884800
2023-08-17,424.1000061035156,451.989990234375,423.2799987792969,450.1600036621094,1492000
2023-08-18,426.0199890136719,428.4599914550781,418.510009765625,422.7300109863281,802000
2023-08-21,436.4700012207031,438.0,427.6300048828125,427.94000244140625,643300
2023-08-22,436.3900146484375,443.6600036621094,433.82000732421875,440.4200134277344,682400
2023-08-23,448.239990234375,450.5,438.5400085449219,438.75,796900
2023-08-24,435.8599853515625,456.82000732421875,434.5899963378906,455.25,906400
2023-08-25,442.239990234375,443.0400085449219,434.1400146484375,436.2300109863281,703100
2023-08-28,443.67999267578125,448.0,441.2300109863281,445.79998779296875,366400
2023-08-29,451.57000732421875,453.5,440.7300109863281,441.8399963378906,692500
2023-08-30,457.2799987792969,457.4700012207031,451.6600036621094,453.8500061035156,631600
2023-08-31,458.8900146484375,463.9700012207031,457.54998779296875,457.54998779296875,898500
2023-09-01,460.45001220703125,462.9599914550781,456.8299865722656,460.0,473200
2023-09-05,466.8500061035156,468.5799865722656,457.2900085449219,460.45001220703125,671300
2023-09-06,465.69000244140625,471.1499938964844,464.80999755859375,464.80999755859375,746200
2023-09-07,458.0899963378906,468.010009765625,451.0899963378906,465.07000732421875,986400
2023-09-08,459.1400146484375,460.3900146484375,454.3900146484375,456.94000244140625,830000
2023-09-11,461.82000732421875,463.6400146484375,453.3599853515625,459.7799987792969,608800
2023-09-12,454.3599853515625,460.44000244140625,454.0199890136719,456.79998779296875,909900
2023-09-13,466.8599853515625,469.0,453.3399963378906,453.3399963378906,925300
2023-09-14,466.1499938964844,469.70001220703125,460.6000061035156,469.3800048828125,920300
2023-09-15,451.92999267578125,467.5,447.9800109863281,466.6000061035156,1681000
2023-09-18,460.010009765625,460.260009765625,448.82000732421875,450.19000244140625,621000
2023-09-19,460.0199890136719,460.44000244140625,453.19000244140625,458.8900146484375,586700
2023-09-20,453.2799987792969,463.5400085449219,453.0199890136719,461.0,668400
2023-09-21,444.2699890136719,450.95001220703125,444.010009765625,448.5799865722656,762900
2023-09-22,446.8500061035156,454.4700012207031,446.17999267578125,446.2200012207031,577600
2023-09-25,447.8299865722656,449.30999755859375,442.70001220703125,445.79998779296875,360900
2023-09-26,444.3500061035156,446.5400085449219,440.6199951171875,446.5400085449219,724000
2023-09-27,446.7099914550781,450.32000732421875,442.0,447.989990234375,623400
2023-09-28,460.7099914550781,463.239990234375,445.07000732421875,446.6300048828125,1114100
2023-09-29,458.9700012207031,471.94000244140625,458.3699951171875,468.0299987792969,1189600
2023-10-02,463.82000732421875,465.260009765625,456.760009765625,461.19000244140625,734100
2023-10-03,450.7200012207031,465.760009765625,448.260009765625,460.8999938964844,884900
2023-10-04,461.32000732421875,463.8900146484375,452.54998779296875,452.55999755859375,600900
2023-10-05,459.75,463.8999938964844,452.2699890136719,462.1099853515625,550200
2023-10-06,473.260009765625,476.989990234375,454.6000061035156,455.5199890136719,905100
2023-10-09,479.9200134277344,482.4700012207031,464.3800048828125,468.0,868400
2023-10-10,490.1099853515625,493.9200134277344,480.1700134277344,483.1099853515625,1267700
2023-10-11,494.95001220703125,495.44000244140625,489.55999755859375,490.2799987792969,707900
2023-10-12,496.2300109863281,502.6600036621094,491.9599914550781,497.80999755859375,967800
2023-10-13,489.6700134277344,498.4200134277344,486.1400146484375,496.45001220703125,747900
2023-10-16,491.9599914550781,495.4100036621094,487.760009765625,490.5,610900
2023-10-17,492.04998779296875,494.2300109863281,481.8699951171875,486.9800109863281,664600
2023-10-18,485.7300109863281,493.05999755859375,483.9599914550781,490.5299987792969,605200
2023-10-19,482.3699951171875,492.3299865722656,481.3500061035156,488.510009765625,642400
2023-10-20,467.6400146484375,482.42999267578125,466.3500061035156,482.3699951171875,1002000
2023-10-23,467.82000732421875,473.55999755859375,461.45001220703125,466.0,764300
2023-10-24,468.0299987792969,474.3999938964844,463.489990234375,466.4800109863281,642900
2023-10-25,455.260009765625,468.239990234375,454.2699890136719,467.6099853515625,853600
2023-10-26,453.5400085449219,460.5899963378906,448.9100036621094,458.4200134277344,630200
2023-10-27,457.0,460.1499938964844,453.3800048828125,457.6300048828125,559700
2023-10-30,460.94000244140625,462.739990234375,455.0,460.2699890136719,697800
2023-10-31,469.44000244140625,472.2900085449219,459.0799865722656,464.32000732421875,729700
2023-11-01,475.3800048828125,477.79998779296875,468.0,470.70001220703125,939000
2023-11-02,478.6400146484375,482.5400085449219,472.1000061035156,480.3599853515625,1001500
2023-11-03,487.94000244140625,492.239990234375,480.6199951171875,482.4599914550781,710600
2023-11-06,489.94000244140625,490.3399963378906,484.8999938964844,487.95001220703125,651500
2023-11-07,499.0199890136719,500.5799865722656,490.1199951171875,494.010009765625,662400
2023-11-08,506.1600036621094,506.8999938964844,499.6400146484375,500.0,791500
2023-11-09,505.1700134277344,513.0,504.1600036621094,505.80999755859375,789000
2023-11-10,518.8300170898438,520.510009765625,507.8599853515625,511.07000732421875,1109200
2023-11-13,522.8800048828125,524.8099975585938,514.4500122070312,516.22998046875,713200
2023-11-14,538.3200073242188,538.8200073242188,525.22998046875,531.3300170898438,784900
2023-11-15,529.3200073242188,541.8400268554688,524.510009765625,540.5499877929688,1284400
2023-11-16,533.4500122070312,537.780029296875,528.47998046875,530.3400268554688,816400
2023-11-17,534.780029296875,539.8400268554688,531.8900146484375,534.2100219726562,599900
2023-11-20,541.52001953125,544.719970703125,535.2999877929688,536.9199829101562,698100
2023-11-21,540.3800048828125,545.5700073242188,535.7000122070312,542.1799926757812,683700
2023-11-22,541.030029296875,549.0,540.7000122070312,542.219970703125,600300
2023-11-24,542.6900024414062,543.4199829101562,537.9400024414062,538.4299926757812,243300
2023-11-27,543.530029296875,549.6699829101562,539.47998046875,545.9000244140625,997200
2023-11-28,543.72998046875,544.47998046875,539.1500244140625,542.0399780273438,880800
2023-11-29,552.4600219726562,557.0,549.3800048828125,550.5900268554688,1123700
2023-11-30,543.22998046875,564.780029296875,530.5,558.469970703125,2185900
2023-12-01,545.9600219726562,548.1900024414062,539.280029296875,543.5599975585938,876600
2023-12-04,531.2000122070312,542.4099731445312,522.9199829101562,540.1500244140625,1061500
2023-12-05,535.7100219726562,535.9500122070312,523.5999755859375,525.3599853515625,879800
2023-12-06,527.489990234375,540.1900024414062,526.5,538.6599731445312,688000
2023-12-07,534.1500244140625,535.0800170898438,528.969970703125,531.2999877929688,557200
2023-12-08,535.9299926757812,539.6900024414062,531.6300048828125,531.6300048828125,569200
2023-12-11,556.02001953125,557.4199829101562,538.6500244140625,540.0,898900
2023-12-12,567.0599975585938,568.3300170898438,555.5499877929688,557.739990234375,788600
2023-12-13,568.0900268554688,573.77001953125,561.9600219726562,571.6900024414062,782900
2023-12-14,551.4500122070312,571.8699951171875,549.02001953125,570.5999755859375,1747600
2023-12-15,556.27001953125,558.1799926757812,548.0900268554688,548.9299926757812,2477000
2023-12-18,559.6900024414062,563.4199829101562,555.0,557.4600219726562,645600
2023-12-19,558.6500244140625,565.6400146484375,555.5800170898438,563.3900146484375,794900
2023-12-20,551.719970703125,563.3200073242188,551.5700073242188,557.27001953125,694600
2023-12-21,559.9600219726562,562.4199829101562,555.9099731445312,557.27001953125,636800
2023-12-22,524.4600219726562,562.0499877929688,523.0,562.0,2971200
2023-12-26,520.25,534.5800170898438,519.1599731445312,530.0,2096700
2023-12-27,518.0999755859375,524.989990234375,516.6099853515625,523.0,1107200
2023-12-28,517.4099731445312,521.0,515.1799926757812,520.0,852000
2023-12-29,514.9099731445312,518.3900146484375,510.739990234375,516.6199951171875,769200
2024-01-02,498.9700012207031,509.5,496.80999755859375,507.95001220703125,1277700
2024-01-03,492.3999938964844,496.6099853515625,489.4100036621094,496.4599914550781,1205300
2024-01-04,490.17999267578125,494.3900146484375,488.42999267578125,489.75,884200
2024-01-05,484.80999755859375,496.1499938964844,477.6499938964844,492.0299987792969,3014100
2024-01-08,499.9800109863281,500.3900146484375,488.05999755859375,490.3900146484375,1829000
2024-01-09,501.8699951171875,503.8399963378906,495.0,495.0,1171500
2024-01-10,505.17999267578125,509.0,501.45001220703125,503.82000732421875,1277600
2024-01-11,498.4599914550781,509.739990234375,493.17999267578125,507.5,1483800
2024-01-12,494.3999938964844,502.67999267578125,493.19000244140625,501.29998779296875,1107600
2024-01-16,509.67999267578125,517.25,499.7799987792969,501.5199890136719,3495800
2024-01-17,507.8699951171875,514.25,496.0299987792969,511.9800109863281,1821400
2024-01-18,494.3399963378906,515.0,491.5799865722656,511.2699890136719,2753100
2024-01-19,517.3099975585938,517.7000122070312,496.1300048828125,498.0,2696500
2024-01-22,541.7100219726562,542.5,523.0,524.1500244140625,3231500
2024-01-23,548.9000244140625,549.3200073242188,537.75,545.6400146484375,1860700
2024-01-24,540.4600219726562,554.5700073242188,538.8900146484375,552.47998046875,1375800
2024-01-25,536.6799926757812,546.2000122070312,533.6300048828125,545.0,1258700
2024-01-26,528.1300048828125,532.8599853515625,525.4199829101562,530.7999877929688,1028100
2024-01-29,539.9000244140625,540.3499755859375,528.9099731445312,529.4099731445312,1074200
2024-01-30,543.1799926757812,543.6400146484375,536.6199951171875,539.9000244140625,1013500
2024-01-31,533.3499755859375,539.239990234375,531.1300048828125,538.0,1439900
2024-02-01,540.0,542.219970703125,531.010009765625,534.0,974200
2024-02-02,552.0499877929688,552.4099731445312,541.1799926757812,541.1799926757812,1274100
2024-02-05,559.1400146484375,561.6799926757812,550.2999877929688,555.010009765625,1237100
2024-02-06,542.4299926757812,563.5900268554688,534.2100219726562,561.27001953125,1341800
2024-02-07,554.280029296875,559.27001953125,546.0,546.0,1044600
2024-02-08,570.6900024414062,573.5800170898438,562.0,563.25,1513600
2024-02-09,575.2999877929688,582.8499755859375,571.3200073242188,574.3400268554688,999900
2024-02-12,568.9299926757812,577.9600219726562,565.3699951171875,576.0,813300
2024-02-13,548.530029296875,554.6599731445312,538.0,549.0700073242188,1477900
2024-02-14,562.72998046875,562.8900146484375,554.4500122070312,554.5900268554688,929400
2024-02-15,557.8300170898438,568.5999755859375,556.9000244140625,567.1400146484375,858000
2024-02-16,552.9099731445312,563.8699951171875,550.97998046875,559.9500122070312,896100
2024-02-20,547.97998046875,555.0,538.719970703125,551.5,1115700
2024-02-21,543.5700073242188,544.8699951171875,527.030029296875,539.0,1827800
2024-02-22,580.9000244140625,629.3800048828125,579.1099853515625,589.989990234375,3322400
2024-02-23,575.6500244140625,585.010009765625,570.75,583.9500122070312,1210800
2024-02-26,575.7000122070312,581.489990234375,571.010009765625,579.6799926757812,1034000
2024-02-27,574.0,578.0999755859375,567.3800048828125,577.2999877929688,731100
2024-02-28,570.280029296875,572.7899780273438,566.2000122070312,570.9500122070312,589300
2024-02-29,573.72998046875,579.4400024414062,571.0,575.5499877929688,993700
2024-03-01,591.3499755859375,592.9000244140625,572.5599975585938,572.5599975585938,962800
2024-03-04,594.3200073242188,604.3499755859375,591.2999877929688,597.760009765625,1063600
2024-03-05,565.260009765625,591.22998046875,560.5,589.1099853515625,977100
2024-03-06,575.969970703125,582.52001953125,567.010009765625,574.9099731445312,787800
2024-03-07,583.3499755859375,588.1300048828125,577.9099731445312,583.1900024414062,756000
2024-03-08,571.2899780273438,586.260009765625,569.5599975585938,585.260009765625,724700
2024-03-11,565.3200073242188,567.719970703125,555.489990234375,562.989990234375,656400
2024-03-12,576.719970703125,577.1900024414062,564.010009765625,568.489990234375,622700
2024-03-13,561.2000122070312,570.3699951171875,556.6699829101562,569.5800170898438,894200
2024-03-14,559.3099975585938,567.1699829101562,554.510009765625,563.1799926757812,732600
2024-03-15,550.030029296875,562.0,546.9099731445312,557.3699951171875,1348300
2024-03-18,560.6300048828125,565.9500122070312,555.1199951171875,558.5900268554688,1085400
2024-03-19,584.7100219726562,585.739990234375,562.0,572.1799926757812,1557500
2024-03-20,589.780029296875,598.0,581.0599975585938,592.489990234375,1135000
2024-03-21,602.010009765625,616.5399780273438,593.0,600.0,1814000
2024-03-22,594.2000122070312,604.9099731445312,588.280029296875,601.0,1242500
2024-03-25,584.3200073242188,588.1300048828125,580.6500244140625,586.9000244140625,1328000
2024-03-26,584.3200073242188,591.27001953125,584.0,584.8800048828125,1024000
2024-03-27,573.3499755859375,588.1199951171875,570.510009765625,587.6400146484375,871300
2024-03-28,571.5,577.0,570.0,576.1199951171875,999100
2024-04-01,576.8900146484375,582.6699829101562,571.719970703125,578.0700073242188,609100
2024-04-02,569.8200073242188,571.9099731445312,563.6300048828125,567.0,739500
2024-04-03,578.8699951171875,580.8300170898438,565.97998046875,565.97998046875,758800
2024-04-04,567.1099853515625,592.7100219726562,567.02001953125,590.0,983000
2024-04-05,575.4500122070312,578.9000244140625,570.0800170898438,571.02001953125,774100
2024-04-08,576.3599853515625,577.8699951171875,566.4600219726562,575.4000244140625,605600
2024-04-09,568.989990234375,583.239990234375,567.1500244140625,582.489990234375,1038400
2024-04-10,561.22998046875,564.0,557.4000244140625,559.6900024414062,780000
2024-04-11,561.969970703125,563.72998046875,554.3800048828125,560.4600219726562,914400
2024-04-12,557.1599731445312,560.52001953125,550.1900024414062,553.27001953125,810700
2024-04-15,543.9099731445312,567.9099731445312,541.3900146484375,567.9099731445312,941800
2024-04-16,541.0900268554688,544.5599975585938,539.1799926757812,542.4500122070312,897500
2024-04-17,527.5800170898438,546.6699829101562,525.77001953125,542.1599731445312,1120900
2024-04-18,519.7100219726562,530.0,517.0599975585938,529.3900146484375,1177600
2024-04-19,510.7099914550781,522.6199951171875,508.19000244140625,518.9000244140625,1192600
2024-04-22,515.489990234375,518.77001953125,510.75,513.0800170898438,974800
2024-04-23,527.5,531.72998046875,510.7699890136719,510.7699890136719,1487500
2024-04-24,527.52001953125,540.72998046875,527.280029296875,533.1900024414062,1431000
2024-04-25,530.1099853515625,534.1400146484375,518.7999877929688,523.260009765625,924800
2024-04-26,543.6599731445312,548.77001953125,529.47998046875,529.47998046875,997600
2024-04-29,544.760009765625,548.8300170898438,540.530029296875,545.1500244140625,647500
2024-04-30,530.5900268554688,543.9600219726562,530.5900268554688,542.5499877929688,741300
2024-05-01,522.1799926757812,534.0499877929688,519.6199951171875,528.1699829101562,747100
2024-05-02,523.3800048828125,527.1400146484375,512.1199951171875,524.3599853515625,1087200
2024-05-03,536.9400024414062,540.4000244140625,528.5,528.780029296875,855800
2024-05-06,545.5399780273438,546.6099853515625,537.02001953125,539.3300170898438,674800
2024-05-07,549.6099853515625,556.5599975585938,542.72998046875,548.1099853515625,759200
2024-05-08,550.489990234375,552.1799926757812,545.3499755859375,546.0,536800
2024-05-09,549.8800048828125,552.5399780273438,546.4199829101562,551.4199829101562,410000
2024-05-10,556.7100219726562,562.9299926757812,551.010009765625,551.6599731445312,587800
2024-05-13,557.3900146484375,561.3699951171875,553.6199951171875,561.3699951171875,547900
2024-05-14,559.6300048828125,560.3499755859375,552.760009765625,552.8800048828125,500800
2024-05-15,580.2000122070312,582.969970703125,564.8800048828125,565.7999877929688,968200
2024-05-16,569.27001953125,581.8200073242188,568.5800170898438,581.0,665900
2024-05-17,566.72998046875,572.5499877929688,563.5499877929688,571.1400146484375,560900
2024-05-20,574.3800048828125,574.77001953125,565.1799926757812,566.72998046875,495100
2024-05-21,571.530029296875,574.0,566.8200073242188,573.6599731445312,579500
2024-05-22,573.1300048828125,581.6300048828125,569.9299926757812,574.989990234375,1018700
2024-05-23,586.2999877929688,605.4500122070312,568.4600219726562,582.0999755859375,1735100
2024-05-24,587.4000244140625,594.6099853515625,580.0,582.9000244140625,725600
2024-05-28,587.9400024414062,592.3499755859375,581.239990234375,581.3800048828125,890600
2024-05-29,580.2100219726562,586.3499755859375,576.5999755859375,580.5800170898438,991900
2024-05-30,564.72998046875,577.9099731445312,563.9000244140625,573.8200073242188,1152700
2024-05-31,560.7999877929688,564.0,545.010009765625,562.0800170898438,1903200
2024-06-03,561.1799926757812,566.8699951171875,549.969970703125,564.97998046875,934200
2024-06-04,561.72998046875,563.25,553.1799926757812,559.5499877929688,885400
2024-06-05,588.1400146484375,588.3200073242188,562.8300170898438,565.3099975585938,1147700
2024-06-06,573.8499755859375,592.8300170898438,569.2899780273438,590.72998046875,1080100
2024-06-07,571.4500122070312,578.0399780273438,569.780029296875,577.75,423600
2024-06-10,576.1799926757812,576.3900146484375,566.239990234375,566.969970703125,586200
2024-06-11,579.9099731445312,580.6400146484375,569.6900024414062,573.6799926757812,667900
2024-06-12,590.8900146484375,593.3599853515625,582.9000244140625,584.75,691600
2024-06-13,586.5399780273438,596.97998046875,585.3599853515625,585.8800048828125,568400
2024-06-14,590.2100219726562,590.6300048828125,584.8900146484375,586.9099731445312,600600
2024-06-17,612.719970703125,614.9500122070312,587.5700073242188,591.0,1203400
2024-06-18,620.3099975585938,620.5900268554688,607.3099975585938,611.4099731445312,1040900
2024-06-20,610.1799926757812,622.989990234375,607.27001953125,622.9299926757812,1156800
2024-06-21,605.530029296875,613.5999755859375,599.6699829101562,613.5999755859375,1670900
2024-06-24,595.5999755859375,603.2000122070312,595.5,599.260009765625,899000
2024-06-25,600.1400146484375,600.510009765625,593.6699829101562,597.6900024414062,763800
2024-06-26,598.52001953125,601.7899780273438,594.260009765625,597.4400024414062,559100
2024-06-27,595.0,606.4099731445312,593.8900146484375,600.3099975585938,594400
2024-06-28,595.0599975585938,608.1599731445312,593.9000244140625,596.8200073242188,1019100
2024-07-01,601.75,604.4400024414062,588.8300170898438,594.7899780273438,613100
2024-07-02,609.6599731445312,610.6400146484375,600.5700073242188,601.4199829101562,531400
2024-07-03,606.989990234375,612.9000244140625,606.0399780273438,609.0,491500
2024-07-05,621.2999877929688,622.7899780273438,609.0499877929688,611.9000244140625,946200
2024-07-08,615.489990234375,622.0,611.4099731445312,621.6500244140625,559600
2024-07-09,607.9400024414062,616.5499877929688,603.3400268554688,616.4000244140625,466500
2024-07-10,619.5599975585938,621.010009765625,603.1199951171875,609.1500244140625,691400
2024-07-11,608.739990234375,624.7999877929688,606.97998046875,620.0,553500
2024-07-12,614.0499877929688,620.3300170898438,604.6199951171875,606.8499755859375,505000
2024-07-15,616.010009765625,621.239990234375,612.3800048828125,612.5599975585938,494200
2024-07-16,613.010009765625,620.4299926757812,609.1799926757812,619.3900146484375,473400
2024-07-17,570.3800048828125,604.8300170898438,569.2999877929688,604.3499755859375,1405200
2024-07-18,560.3800048828125,576.2999877929688,546.8599853515625,576.2999877929688,1204100
2024-07-19,563.1199951171875,568.4500122070312,558.0599975585938,565.7100219726562,981700
2024-07-22,587.7100219726562,589.0499877929688,571.4400024414062,573.0,1079900
2024-07-23,588.3300170898438,593.97998046875,581.3699951171875,581.3699951171875,708900
2024-07-24,553.3300170898438,583.0999755859375,551.1199951171875,576.02001953125,1033200
2024-07-25,538.719970703125,557.8800048828125,537.0900268554688,556.4500122070312,1283600
2024-07-26,546.3800048828125,555.4199829101562,543.3699951171875,548.3599853515625,677500
2024-07-29,547.52001953125,555.1300048828125,544.1400146484375,550.25,490600
2024-07-30,525.8900146484375,552.0800170898438,522.1900024414062,551.5599975585938,1253200
2024-07-31,558.3200073242188,560.8200073242188,548.1500244140625,552.989990234375,1133600
2024-08-01,540.6699829101562,569.0,534.02001953125,556.0399780273438,1370800
2024-08-02,505.7799987792969,515.4000244140625,483.70001220703125,504.0,2843500
2024-08-05,487.8399963378906,495.0,474.57000732421875,475.0,2050300
2024-08-06,499.3900146484375,510.54998779296875,487.8699951171875,500.0,1488800
2024-08-07,489.9700012207031,520.97998046875,488.45001220703125,513.2000122070312,1901700
2024-08-08,515.030029296875,518.1300048828125,493.7099914550781,504.3999938964844,1110500
2024-08-09,524.72998046875,526.3200073242188,512.280029296875,512.280029296875,852900
2024-08-12,520.8400268554688,528.4400024414062,517.9500122070312,523.0399780273438,623200
2024-08-13,528.6400146484375,534.3800048828125,526.1400146484375,530.0,780500
2024-08-14,530.7999877929688,534.0,524.2100219726562,530.4099731445312,613300
2024-08-15,548.280029296875,549.2899780273438,538.5,541.6799926757812,622200
2024-08-16,549.0,554.0800170898438,543.3800048828125,548.0,580200
2024-08-19,558.219970703125,558.780029296875,544.8200073242188,549.0,741100
2024-08-20,557.030029296875,565.8699951171875,553.5,558.739990234375,703900
2024-08-21,564.6799926757812,568.4400024414062,556.6799926757812,559.5700073242188,867800
2024-08-22,548.0599975585938,585.6699829101562,546.9199829101562,577.260009765625,1312000
2024-08-23,539.3900146484375,558.8800048828125,538.1199951171875,558.8800048828125,1053700
2024-08-26,525.9099731445312,537.3400268554688,523.4500122070312,533.52001953125,971300
2024-08-27,521.780029296875,529.5399780273438,518.0700073242188,521.9299926757812,1462200
2024-08-28,509.9800109863281,523.7999877929688,506.3299865722656,522.9099731445312,1082800
2024-08-29,517.02001953125,526.4299926757812,513.4299926757812,514.9199829101562,932400
2024-08-30,519.5800170898438,529.0,514.4400024414062,525.530029296875,1233500
2024-09-03,481.2200012207031,514.4000244140625,479.0899963378906,514.1500244140625,2562000
2024-09-04,477.5299987792969,483.3999938964844,472.6000061035156,476.9100036621094,1897800
2024-09-05,476.0299987792969,484.0799865722656,469.5799865722656,475.05999755859375,1234300
2024-09-06,463.9700012207031,482.0,462.4200134277344,477.9200134277344,1137700
2024-09-09,464.1600036621094,467.1600036621094,457.5199890136719,466.5299987792969,1954900
2024-09-10,465.5,467.8699951171875,458.7900085449219,463.3599853515625,985100
2024-09-11,481.5,482.5400085449219,460.1300048828125,466.489990234375,1617000
2024-09-12,488.95001220703125,494.6300048828125,476.92999267578125,480.1400146484375,1239400
2024-09-13,490.07000732421875,494.7699890136719,485.0,488.95001220703125,955200
2024-09-16,498.57000732421875,501.32000732421875,491.1600036621094,491.9599914550781,1189200
2024-09-17,502.25,507.6000061035156,496.2699890136719,505.8599853515625,1424600
2024-09-18,495.95001220703125,506.8500061035156,493.0899963378906,506.489990234375,1075100
2024-09-19,514.1199951171875,521.4299926757812,510.69000244140625,517.1799926757812,1269300
2024-09-20,506.6499938964844,513.1300048828125,502.5,510.70001220703125,1582600
2024-09-23,505.7900085449219,509.9200134277344,505.2900085449219,507.4100036621094,731900
2024-09-24,506.8299865722656,510.9599914550781,497.1600036621094,507.69000244140625,1017000
2024-09-25,510.3599853515625,511.7900085449219,503.82000732421875,506.0199890136719,838200
2024-09-26,515.4000244140625,525.489990234375,509.20001220703125,523.97998046875,891200
2024-09-27,513.3099975585938,519.1400146484375,509.0799865722656,519.1400146484375,528300
2024-09-30,506.3900146484375,511.4800109863281,502.1000061035156,511.4800109863281,834700
2024-10-01,495.55999755859375,508.3599853515625,490.55999755859375,507.5400085449219,1117100
2024-10-02,496.82000732421875,506.2699890136719,493.2799987792969,493.9100036621094,645000
2024-10-03,495.4100036621094,499.1499938964844,490.5799865722656,490.5799865722656,865200
2024-10-04,499.1199951171875,510.29998779296875,496.1000061035156,509.6199951171875,637000
2024-10-07,494.8699951171875,497.1400146484375,489.45001220703125,493.0,826400
2024-10-08,517.760009765625,518.1699829101562,498.239990234375,498.70001220703125,1151300
2024-10-09,529.0,530.4000244140625,516.3900146484375,517.3699951171875,936200
2024-10-10,533.0800170898438,536.4199829101562,525.3400268554688,526.0800170898438,931900
2024-10-11,539.9199829101562,541.22998046875,530.0,531.97998046875,825900
2024-10-14,545.4600219726562,547.1300048828125,541.6400146484375,544.3099975585938,931600
2024-10-15,517.5599975585938,550.5900268554688,515.6900024414062,548.2999877929688,1493500
2024-10-16,501.3500061035156,515.969970703125,495.5,515.969970703125,1661800
2024-10-17,504.69000244140625,514.719970703125,501.5,511.239990234375,1124600
2024-10-18,507.0299987792969,513.6799926757812,499.04998779296875,500.6499938964844,862600
2024-10-21,505.5899963378906,507.5,501.1199951171875,501.92999267578125,820300
2024-10-22,502.4100036621094,503.54998779296875,495.3900146484375,500.8999938964844,771100
2024-10-23,493.4100036621094,502.4200134277344,489.7699890136719,498.1400146484375,653300
2024-10-24,495.25,500.6499938964844,491.1199951171875,497.07000732421875,662000
2024-10-25,501.5799865722656,508.3599853515625,498.6300048828125,500.2200012207031,639700
2024-10-28,496.17999267578125,505.2099914550781,495.9100036621094,505.1600036621094,638100
2024-10-29,529.2100219726562,531.3800048828125,509.3500061035156,511.0,1266900
2024-10-30,536.4199829101562,536.8699951171875,523.280029296875,526.2000122070312,1240200
2024-10-31,513.6099853515625,531.969970703125,512.8300170898438,531.969970703125,1211100
2024-11-01,518.4000244140625,521.5999755859375,508.8299865722656,508.8299865722656,901500
2024-11-04,524.52001953125,527.25,516.97998046875,521.5999755859375,583000
2024-11-05,521.97998046875,532.3599853515625,521.1500244140625,527.3499755859375,627500
2024-11-06,553.1500244140625,554.8400268554688,534.2899780273438,536.4000244140625,1318600
2024-11-07,573.5900268554688,574.6400146484375,557.8200073242188,560.0,1114700
2024-11-08,561.5499877929688,573.8400268554688,559.9000244140625,573.8400268554688,967100
2024-11-11,556.260009765625,561.5499877929688,553.2899780273438,559.5,617400
2024-11-12,553.469970703125,555.8699951171875,548.739990234375,551.2999877929688,607200
2024-11-13,557.9600219726562,567.010009765625,550.0800170898438,550.260009765625,635800
2024-11-14,548.3099975585938,557.4099731445312,541.6599731445312,555.1799926757812,795900
2024-11-15,520.75,542.1400146484375,519.6599731445312,542.1400146484375,1025700
2024-11-18,523.97998046875,530.97998046875,518.9199829101562,523.6799926757812,895100
2024-11-19,534.02001953125,535.0,515.0,516.8499755859375,571600
2024-11-20,541.5599975585938,542.1599731445312,528.5999755859375,535.8499755859375,734400
2024-11-21,557.9400024414062,560.5499877929688,543.5399780273438,549.0599975585938,864500
2024-11-22,565.0700073242188,568.4099731445312,555.8099975585938,557.8800048828125,900000
2024-11-25,561.8699951171875,570.280029296875,557.6199951171875,569.4099731445312,918800
2024-11-26,553.9500122070312,562.8099975585938,549.5800170898438,562.6500244140625,767700
2024-11-27,547.739990234375,552.72998046875,542.8900146484375,552.72998046875,771600
2024-11-29,558.489990234375,565.27001953125,547.1699829101562,548.1400146484375,598600
2024-12-02,565.9299926757812,566.9400024414062,554.8400268554688,555.9299926757812,742500
2024-12-03,570.1900024414062,570.7899780273438,559.2100219726562,560.3599853515625,765400
2024-12-04,588.0,592.989990234375,577.77001953125,580.0,1845800
2024-12-05,515.2899780273438,558.8699951171875,513.0900268554688,544.52001953125,5081500
2024-12-06,517.280029296875,529.7999877929688,515.6799926757812,518.8499755859375,2336500
2024-12-09,508.489990234375,517.7100219726562,504.79998779296875,515.2899780273438,1896000
2024-12-10,505.32000732421875,507.6499938964844,495.3999938964844,505.0,1785000
2024-12-11,512.0599975585938,515.8699951171875,509.3599853515625,511.3500061035156,1005100
2024-12-12,511.7300109863281,514.97998046875,508.0799865722656,512.0499877929688,729600
2024-12-13,508.2799987792969,516.0,499.25,507.75,1215100
2024-12-16,522.1099853515625,525.3300170898438,505.5,507.3900146484375,1319200
2024-12-17,511.8699951171875,524.72998046875,510.9800109863281,520.3499755859375,1444700
2024-12-18,494.42999267578125,519.4299926757812,492.25,512.72998046875,1098900
2024-12-19,493.3500061035156,509.9800109863281,493.010009765625,502.3900146484375,1132700
2024-12-20,492.17999267578125,501.55999755859375,483.5,486.82000732421875,2198700
2024-12-23,492.5799865722656,507.95001220703125,488.6600036621094,493.9200134277344,1126900
2024-12-24,500.1600036621094,500.510009765625,492.20001220703125,494.239990234375,426500
2024-12-26,495.82000732421875,500.8299865722656,494.760009765625,495.1499938964844,542100
2024-12-27,490.9100036621094,495.20001220703125,485.07000732421875,490.8500061035156,654800
2024-12-30,486.739990234375,491.55999755859375,478.8399963378906,485.989990234375,658000
2024-12-31,485.3599853515625,489.05999755859375,483.55999755859375,487.70001220703125,628200
2025-01-02,482.75,494.5299987792969,479.0,494.0400085449219,807900
2025-01-03,493.7099914550781,494.8800048828125,485.3500061035156,488.2200012207031,786500
2025-01-06,501.05999755859375,509.0899963378906,498.2200012207031,499.6600036621094,881400
2025-01-07,487.6199951171875,502.7900085449219,485.7900085449219,501.5899963378906,1212900
2025-01-08,502.0,502.7900085449219,490.4100036621094,491.4200134277344,1266800
2025-01-10,492.5400085449219,498.3299865722656,485.1099853515625,496.8900146484375,1281600
2025-01-13,487.42999267578125,493.3999938964844,485.2099914550781,489.0799865722656,891300
2025-01-14,490.3599853515625,494.7799987792969,484.6600036621094,492.6600036621094,833500
2025-01-15,507.19000244140625,510.95001220703125,501.2799987792969,501.4599914550781,1129200
2025-01-16,515.8099975585938,523.8800048828125,508.3800048828125,512.25,1160000
2025-01-17,526.7000122070312,529.9500122070312,523.8800048828125,529.22998046875,1240500
2025-01-21,529.75,535.47998046875,527.0700073242188,532.0,1193600
2025-01-22,544.7000122070312,547.4000244140625,531.2100219726562,531.2100219726562,1091600
2025-01-23,551.5399780273438,556.3099975585938,537.8699951171875,540.760009765625,1524400
2025-01-24,546.1900024414062,553.27001953125,542.1500244140625,552.8900146484375,880500
2025-01-27,510.7300109863281,530.0,502.19000244140625,523.280029296875,1840200
2025-01-28,526.1199951171875,527.8400268554688,504.0,510.20001220703125,1606500
2025-01-29,512.7100219726562,523.9600219726562,511.2200012207031,523.6099853515625,891600
2025-01-30,526.3599853515625,528.1500244140625,515.739990234375,515.9000244140625,741000
2025-01-31,525.47998046875,533.97998046875,523.469970703125,528.260009765625,1095000
2025-02-03,520.25,526.1099853515625,510.0,511.69000244140625,765400
2025-02-04,523.8800048828125,524.3499755859375,514.8200073242188,516.9099731445312,859400
2025-02-05,528.4199829101562,529.6400146484375,515.7899780273438,524.5700073242188,547500
2025-02-06,533.1799926757812,536.0399780273438,528.8800048828125,530.989990234375,683800
2025-02-07,525.8200073242188,545.6500244140625,522.0,536.0,703100
2025-02-10,531.3300170898438,536.2100219726562,526.27001953125,527.8499755859375,769000
2025-02-11,529.1400146484375,530.030029296875,524.5800170898438,526.8099975585938,431600
2025-02-12,509.7099914550781,517.719970703125,507.95001220703125,513.5800170898438,979700
2025-02-13,528.2899780273438,529.3699951171875,508.30999755859375,509.7099914550781,1049100
2025-02-14,522.530029296875,527.6599731445312,519.4099731445312,527.3599853515625,943700
2025-02-18,525.0,528.0,516.0700073242188,527.9600219726562,1118700
2025-02-19,500.9800109863281,521.27001953125,486.57000732421875,521.27001953125,2417700
2025-02-20,493.9700012207031,505.1700134277344,493.4800109863281,502.4100036621094,1270900
2025-02-21,474.8399963378906,493.739990234375,472.739990234375,493.739990234375,1371000
2025-02-24,470.0799865722656,481.1300048828125,465.0,479.2799987792969,1374000
2025-02-25,457.95001220703125,469.2699890136719,457.0,467.6400146484375,1867300
2025-02-26,470.4599914550781,476.7099914550781,462.25,465.0,1540300
2025-02-27,454.7099914550781,488.0,454.04998779296875,481.5,2037000
2025-02-28,457.2799987792969,463.4800109863281,448.1099853515625,462.2900085449219,1581700
2025-03-03,443.260009765625,467.7300109863281,442.2900085449219,463.57000732421875,2101900
2025-03-04,445.4700012207031,451.9700012207031,429.7699890136719,440.3699951171875,1641100
2025-03-05,447.9599914550781,451.2900085449219,433.9100036621094,437.32000732421875,1273900
2025-03-06,445.7300109863281,450.3599853515625,435.8399963378906,439.0,1524700
2025-03-07,450.8800048828125,452.5400085449219,433.5,443.260009765625,1119200
2025-03-10,429.8500061035156,441.5799865722656,427.29998779296875,437.3999938964844,1713700
2025-03-11,430.67999267578125,440.5199890136719,427.7300109863281,431.0299987792969,1588400
2025-03-12,432.4599914550781,449.739990234375,431.8500061035156,442.2300109863281,1900100
2025-03-13,428.5799865722656,439.44000244140625,425.7300109863281,431.6300048828125,1541400
2025-03-14,446.2300109863281,447.9800109863281,433.04998779296875,433.04998779296875,1118100
2025-03-17,453.510009765625,460.80999755859375,440.0,445.0,1489100
2025-03-18,447.989990234375,454.5899963378906,445.0199890136719,448.80999755859375,1020100
2025-03-19,450.2799987792969,455.489990234375,440.82000732421875,447.17999267578125,1108300
2025-03-20,449.989990234375,453.92999267578125,443.19000244140625,446.8900146484375,810200
2025-03-21,448.6000061035156,454.6099853515625,438.1199951171875,441.20001220703125,3362100
2025-03-24,457.7699890136719,464.2200012207031,455.5400085449219,456.82000732421875,974200
2025-03-25,457.2300109863281,458.6400146484375,453.7099914550781,457.42999267578125,759000
2025-03-26,449.8999938964844,460.44000244140625,447.1099853515625,454.3500061035156,749100
2025-03-27,446.2300109863281,450.5799865722656,440.42999267578125,445.4800109863281,699000
2025-03-28,437.95001220703125,448.04998779296875,437.05999755859375,446.9200134277344,941500
2025-03-31,428.8500061035156,431.69000244140625,423.0799865722656,429.0199890136719,1371100
2025-04-01,435.94000244140625,436.7200012207031,423.1700134277344,430.1099853515625,985800
2025-04-02,438.54998779296875,443.6199951171875,425.0,426.1600036621094,1111200
2025-04-03,417.760009765625,421.1300048828125,404.0799865722656,417.67999267578125,2133600
2025-04-04,388.1300048828125,408.94000244140625,387.4100036621094,403.0,2513200
2025-04-07,380.8999938964844,402.0,365.739990234375,375.9599914550781,3060100
2025-04-08,381.5899963378906,403.19000244140625,376.2300109863281,391.3900146484375,2191500
2025-04-09,428.70001220703125,432.5400085449219,375.9700012207031,380.8800048828125,2146100
2025-04-10,406.8900146484375,417.7300109863281,391.6099853515625,415.32000732421875,1537600
2025-04-11,421.2099914550781,425.7099914550781,402.8299865722656,407.07000732421875,1745600
2025-04-14,421.9800109863281,430.54998779296875,416.0,428.8999938964844,1119500
2025-04-15,425.6499938964844,430.32000732421875,422.2300109863281,423.0899963378906,1016100
2025-04-16,415.6499938964844,423.55999755859375,408.6199951171875,416.19000244140625,1064000
2025-04-17,413.32000732421875,421.7799987792969,412.1000061035156,421.3800048828125,1002400
2025-04-21,402.3599853515625,407.2900085449219,396.0299987792969,406.260009765625,901400
2025-04-22,413.3999938964844,417.1600036621094,402.8599853515625,407.69000244140625,946500
2025-04-23,422.2300109863281,441.3800048828125,420.1700134277344,432.3399963378906,1008100
2025-04-24,438.8999938964844,440.19000244140625,423.0,426.1600036621094,1093000
2025-04-25,446.6199951171875,447.30999755859375,433.30999755859375,435.6400146484375,1032100
2025-04-28,443.9700012207031,447.4599914550781,436.8800048828125,444.3900146484375,1117100
2025-04-29,460.7699890136719,462.42999267578125,444.239990234375,445.8299865722656,1415400
2025-04-30,459.010009765625,460.7099914550781,448.6499938964844,449.6700134277344,1338900
2025-05-01,459.3599853515625,467.7300109863281,457.70001220703125,462.4700012207031,1137700
2025-05-02,472.2799987792969,476.44000244140625,467.5899963378906,469.8500061035156,1293700
2025-05-05,477.4100036621094,482.8699951171875,465.5899963378906,469.1700134277344,1074600
2025-05-06,473.54998779296875,478.5400085449219,467.8599853515625,468.760009765625,834200
2025-05-07,480.5400085449219,483.8599853515625,473.1099853515625,474.1499938964844,899300
2025-05-08,484.5,491.32000732421875,482.7200012207031,485.0,1011800
2025-05-09,482.8999938964844,487.8399963378906,479.0400085449219,487.1099853515625,571500
2025-05-12,505.5899963378906,506.6600036621094,497.04998779296875,503.6600036621094,1099700
2025-05-13,515.7100219726562,516.5800170898438,505.5799865722656,506.5799865722656,823400
2025-05-14,517.6599731445312,518.0800170898438,512.3599853515625,512.3599853515625,881600
2025-05-15,514.47998046875,521.0999755859375,512.1900024414062,516.6300048828125,826600
2025-05-16,514.4299926757812,516.6699829101562,509.739990234375,514.47998046875,948100
2025-05-19,516.010009765625,518.469970703125,504.1400146484375,507.5,848600
2025-05-20,515.6099853515625,515.72998046875,508.0,512.5,740800
2025-05-21,501.4599914550781,514.02001953125,501.2799987792969,507.2200012207031,866100
2025-05-22,503.4800109863281,506.5899963378906,497.1199951171875,500.739990234375,774900
2025-05-23,498.8500061035156,501.9700012207031,493.7300109863281,495.32000732421875,670000
2025-05-27,511.7900085449219,515.0800170898438,504.3599853515625,507.1400146484375,1251900
2025-05-28,462.42999267578125,514.989990234375,445.0,511.0199890136719,4806200
2025-05-29,454.989990234375,487.989990234375,437.69000244140625,473.0,4314300
2025-05-30,463.9800109863281,465.760009765625,447.4800109863281,450.3599853515625,3356200
2025-06-02,466.1499938964844,466.4599914550781,452.489990234375,459.9200134277344,1299300
2025-06-03,466.260009765625,471.9599914550781,461.1199951171875,464.55999755859375,1295200
2025-06-04,473.19000244140625,474.2200012207031,463.6000061035156,467.32000732421875,972400
2025-06-05,482.20001220703125,490.6700134277344,472.8800048828125,475.6000061035156,1676800
2025-06-06,486.0,490.760009765625,482.4800109863281,486.32000732421875,943200
2025-06-09,495.7699890136719,512.0,495.010009765625,503.8800048828125,1612100
2025-06-10,504.3999938964844,504.5299987792969,493.2799987792969,495.7699890136719,1085000
2025-06-11,500.7300109863281,505.9800109863281,498.239990234375,503.25,1104800
2025-06-12,494.989990234375,500.8900146484375,494.7200012207031,497.260009765625,867800
2025-06-13,478.8599853515625,488.6499938964844,477.5299987792969,486.44000244140625,1162500
2025-06-16,479.4100036621094,482.8299865722656,473.75,480.5,1386400
2025-06-17,475.3999938964844,484.5299987792969,473.82000732421875,477.80999755859375,765500
2025-06-18,473.6199951171875,478.489990234375,468.760009765625,473.3299865722656,1040500
2025-06-20,470.5299987792969,482.5299987792969,468.5400085449219,480.0,1510900
2025-06-23,470.9800109863281,474.20001220703125,460.8900146484375,468.8900146484375,897500
2025-06-24,478.9800109863281,481.0,472.55999755859375,474.29998779296875,866200
2025-06-25,487.2699890136719,487.67999267578125,474.0,478.9800109863281,867900
2025-06-26,495.70001220703125,496.7099914550781,486.05999755859375,489.010009765625,1019300
2025-06-27,502.6300048828125,521.6900024414062,500.010009765625,500.010009765625,2153600
2025-06-30,512.6799926757812,517.4000244140625,503.9200134277344,505.8900146484375,1343700
2025-07-01,521.780029296875,522.8499755859375,506.0799865722656,509.2200012207031,1512800
2025-07-02,523.1099853515625,526.0900268554688,514.0,517.1799926757812,979100
2025-07-03,548.739990234375,555.0,536.3499755859375,544.7000122070312,2020000
2025-07-07,536.52001953125,545.0800170898438,534.3400268554688,544.1099853515625,1391000
2025-07-08,551.510009765625,552.3499755859375,538.97998046875,540.6699829101562,1314800
2025-07-09,550.9500122070312,554.4199829101562,544.0599975585938,552.3800048828125,839900
2025-07-10,566.1900024414062,569.4400024414062,545.8300170898438,552.489990234375,1775200
2025-07-11,559.280029296875,572.9099731445312,559.1400146484375,563.969970703125,1358500
2025-07-14,549.530029296875,579.0,542.489990234375,575.0,5084300
2025-07-15,569.0999755859375,570.3800048828125,549.0,553.8900146484375,3178400
2025-07-16,571.2000122070312,574.97998046875,550.6199951171875,569.25,7936000
2025-07-17,589.010009765625,590.0,563.0,567.510009765625,3621100
2025-07-18,584.760009765625,600.9000244140625,578.8699951171875,588.2100219726562,3682300
2025-07-21,591.4600219726562,596.4299926757812,582.6500244140625,587.5900268554688,2445000
2025-07-22,615.1300048828125,617.0,578.8699951171875,583.9199829101562,2890600
2025-07-23,614.4199829101562,618.489990234375,605.030029296875,612.7999877929688,2002300
2025-07-24,609.6799926757812,615.0499877929688,606.3099975585938,611.5499877929688,1414300
2025-07-25,601.5499877929688,611.6500244140625,600.8599853515625,611.6500244140625,1819800
2025-07-28,592.6300048828125,607.7100219726562,588.3699951171875,605.280029296875,1770500
2025-07-29,635.8099975585938,647.2000122070312,613.5800170898438,614.0599975585938,3293600
2025-07-30,645.3499755859375,651.72998046875,632.6699829101562,635.1400146484375,1919000
2025-07-31,633.469970703125,646.2899780273438,632.739990234375,644.780029296875,1165900
2025-08-01,618.6500244140625,625.3099975585938,608.0999755859375,617.5499877929688,1300400
2025-08-04,636.02001953125,636.6099853515625,615.7899780273438,622.4199829101562,1121700
2025-08-05,628.5,636.25,624.0800170898438,634.77001953125,1032200
2025-08-06,625.8800048828125,630.2899780273438,615.9500122070312,627.5,1016300
2025-08-07,620.3300170898438,632.989990234375,608.1900024414062,632.8300170898438,1428600
2025-08-08,619.4199829101562,625.22998046875,618.3599853515625,625.0,700600
2025-08-11,616.1199951171875,623.469970703125,613.6500244140625,620.4000244140625,956000
2025-08-12,625.7999877929688,627.1199951171875,609.1599731445312,615.4199829101562,1168400
2025-08-13,618.5700073242188,628.8900146484375,612.6900024414062,628.75,1012400
2025-08-14,616.3599853515625,619.7899780273438,612.1699829101562,616.5,954200
2025-08-15,617.9099731445312,620.0,606.3099975585938,616.3599853515625,881800
2025-08-18,625.3300170898438,626.239990234375,615.1199951171875,617.9099731445312,749600
2025-08-19,612.7899780273438,624.8200073242188,611.0,620.6099853515625,1170700
2025-08-20,601.1300048828125,613.8300170898438,595.0999755859375,611.0900268554688,1659500
2025-08-21,598.1699829101562,603.9400024414062,593.0499877929688,597.1900024414062,1145600
2025-08-22,606.52001953125,612.97998046875,597.47998046875,600.3599853515625,863200
2025-08-25,597.0,605.3400268554688,596.0999755859375,604.969970703125,783800
2025-08-26,596.0,600.1300048828125,593.0,595.9299926757812,1224400
2025-08-27,603.1699829101562,603.8699951171875,593.3200073242188,596.9400024414062,916200
2025-08-28,612.1699829101562,614.6300048828125,604.989990234375,605.030029296875,902200
2025-08-29,603.52001953125,612.0,601.9400024414062,608.97998046875,992800
2025-09-02,592.010009765625,596.8200073242188,584.010009765625,589.0499877929688,1399600
2025-09-03,592.1199951171875,593.7000122070312,586.77001953125,590.760009765625,973700
2025-09-04,601.9600219726562,602.8499755859375,584.0,591.989990234375,1012900
2025-09-05,598.1400146484375,615.75,594.6099853515625,609.77001953125,1388900
2025-09-08,609.0800170898438,615.7899780273438,599.219970703125,600.9199829101562,1729500
2025-09-09,604.3699951171875,614.8900146484375,602.5,610.9400024414062,2236200
2025-09-10,387.7799987792969,429.6400146484375,380.8399963378906,427.79998779296875,21155800
2025-09-11,438.1000061035156,439.67999267578125,405.5,415.9700012207031,15275600
2025-09-12,425.45001220703125,444.19000244140625,421.94000244140625,443.82000732421875,6689000
2025-09-15,419.20001220703125,433.989990234375,416.7900085449219,431.5,4432300
2025-09-16,425.9700012207031,427.3699951171875,417.0,420.54998779296875,3006200
2025-09-17,425.3999938964844,429.25,417.510009765625,425.0,3082100
2025-09-18,480.1099853515625,483.239990234375,448.0,460.0,8240300
2025-09-19,495.5,498.04998779296875,475.2799987792969,479.0,6099800
2025-09-22,514.7899780273438,515.6400146484375,481.4599914550781,490.0,4831800
2025-09-23,490.32000732421875,513.0,488.5799865722656,511.4599914550781,3517900
2025-09-24,468.0899963378906,491.32000732421875,464.239990234375,491.0,4028400
2025-09-25,487.20001220703125,487.5899963378906,462.0,462.5,3647300
2025-09-26,487.760009765625,493.0,477.1400146484375,477.1400146484375,2532900
2025-09-29,481.6099853515625,491.9599914550781,478.2799987792969,488.0,2905500
2025-09-30,493.3900146484375,495.2099914550781,480.7900085449219,482.04998779296875,2649400
2025-10-01,488.7799987792969,495.7200012207031,484.5,488.75,2017600
2025-10-02,471.1499938964844,489.2900085449219,470.3500061035156,484.70001220703125,2693400
2025-10-03,469.1700134277344,475.79998779296875,466.5899963378906,473.5,2263600
2025-10-06,478.2200012207031,481.2300109863281,469.54998779296875,471.989990234375,1651000
2025-10-07,477.8299865722656,484.1099853515625,468.42999267578125,484.1099853515625,1222200
2025-10-08,489.3599853515625,492.3599853515625,476.7200012207031,476.80999755859375,1789600
2025-10-09,484.4100036621094,488.0799865722656,480.69000244140625,487.5,1727500
2025-10-10,438.9200134277344,487.5799865722656,437.2699890136719,484.4100036621094,3588200
2025-10-13,448.0,453.79998779296875,440.0,449.4800109863281,2260600
2025-10-14,443.760009765625,452.79998779296875,433.3599853515625,436.4100036621094,2937600
2025-10-15,435.8999938964844,448.8900146484375,432.0,446.260009765625,3109700
2025-10-16,440.20001220703125,445.5400085449219,435.5799865722656,439.5299987792969,1931300
2025-10-17,447.6400146484375,456.8399963378906,435.260009765625,435.6400146484375,2510400
2025-10-20,453.3500061035156,457.82000732421875,449.0,450.6600036621094,1539900
2025-10-21,459.0400085449219,459.69000244140625,445.010009765625,448.25,1356300
2025-10-22,454.29998779296875,465.75,444.3599853515625,456.4800109863281,2755300
2025-10-23,456.0899963378906,460.4100036621094,450.5,452.0,1384100
2025-10-24,464.17999267578125,473.489990234375,458.1300048828125,461.6499938964844,1294600
2025-10-27,465.4100036621094,475.4200134277344,461.489990234375,471.2799987792969,1720500
2025-10-28,456.8299865722656,462.3999938964844,445.0,461.67999267578125,2173800
2025-10-29,455.3399963378906,457.1499938964844,444.4599914550781,454.75,2315100
2025-10-30,442.92999267578125,452.7699890136719,438.54998779296875,450.0,1717000
2025-10-31,453.82000732421875,456.239990234375,442.69000244140625,445.29998779296875,1699200
